Metrekare;Oda;Kat;Konum;Fiyat
160;3 + 1;2;Torbalı, Alpkent Mahallesi;4200000
155;3 + 1;2;Torbalı, Torbalı Mahallesi;2984000
105;2 + 1;5;Torbalı, Tepeköy Mahallesi;2349000
90;2 + 1;1;Buca, Göksu Mahallesi;2100000
135;3 + 1;6;Bornova, Erzene Mahallesi;4450000
85;1 + 1;5;Bornova, Kazımdirik Mahallesi;2980000
100;2 + 1;2;Torbalı, Tepeköy Mahallesi;1849000
145;3 + 1;4;Torbalı, Fevzi Çakmak Mahallesi;3640000
100;2 + 1;2;Torbalı, Muratbey Mahallesi;2249000
120;2 + 1;3;Torbalı, Tepeköy Mahallesi;1699000
140;3 + 1;2;Torbalı, Torbalı Mahallesi;3000000
90;2 + 1;2;Karabağlar, Arap Hasan Mahallesi;2100000
110;3 + 1;1;Menderes, Cüneytbey Mahallesi;2200000
110;3 + 1;2;Konak, Göztepe Mahallesi;3100000
100;3 + 1;5;Konak, Göztepe Mahallesi;2150000
60;1 + 1;2;Seferihisar, Hıdırlık Mahallesi;2250000
55;1 + 1;5;Seferihisar, Çolak İbrahim Bey Mahallesi;2350000
180;3 + 1;2;Torbalı, Cumhuriyet Mahallesi;2950000
94;2 + 1;2;Buca, Kozağaç Mahallesi;2750000
85;2 + 1;3;Torbalı, Ertuğrul Mahallesi;2450000
130;3 + 1;4;Torbalı, Torbalı Mahallesi;3600000
64;1 + 1;5;Gaziemir, Sevgi Mahallesi;2200000
150;3 + 1;2;Karşıyaka, Bahçelievler Mahallesi;5500000
140;3 + 1;11;Karşıyaka, Mavişehir Mahallesi;6100000
85;2 + 1;1;Menderes, Orta Mahallesi;2750000
140;3 + 1;4;Menemen, Camiikebir Mahallesi;2550000
120;2 + 1;3;Konak, Alsancak Mahallesi;2150000
145;3 + 1;5;Çiğli, Ataşehir Mahallesi;5750000
150;3 + 1;4;Ödemiş, Zafer Mahallesi;2400000
115;3 + 1;3;Torbalı, Ertuğrul Mahallesi;2950000
130;3 + 1;3;Karabağlar, Esentepe Mahallesi;5250000
115;2 + 1;4;Balçova, Onur Mahallesi;4250000
90;2 + 1;3;Çiğli, Yeni Mahalle Mahallesi;2750000
135;3 + 1;2;Karşıyaka, Bahriye Üçok Mahallesi;4750000
60;1 + 1;2;Selçuk, İsa Bey Mahallesi;1870000
95;2 + 1;2;Karşıyaka, Şemikler Mahallesi;2600000
100;2 + 1;5;Torbalı, Tepeköy Mahallesi;2450000
106;2 + 1;1;Dikili, Çandarlı Mahallesi;3490000
260;5 + 1;5;Karşıyaka, Bahriye Üçok Mahallesi;8650000
125;2 + 1;2;Narlıdere, Atatürk Mahallesi;5750000
125;3 + 1;2;Konak, Alsancak Mahallesi;6200000
80;2 + 1;1;Buca, Gaziler Mahallesi;1950000
100;2 + 1;1;Bayraklı, Mansuroğlu Mahallesi;1825000
130;3 + 1;4;Konak, Göztepe Mahallesi;7950000
190;4 + 1;1;Balçova, Eğitim Mahallesi;3800000
125;3 + 1;2;Karabağlar, Muammer Akar Mahallesi;3600000
150;3 + 1;3;Buca, Çamlıkule Mahallesi;3600000
130;3 + 1;2;Karşıyaka, Aksoy Mahallesi;4300000
140;2 + 1;2;Torbalı, Cumhuriyet Mahallesi;3450000
125;3 + 1;4;Karabağlar, Bahçelievler Mahallesi;3100000
;;;;
65;2 + 1;3;Karşıyaka, Donanmacı Mahallesi;5750000
90;2 + 1;4;Karşıyaka, Yalı Mahallesi;4100000
100;2 + 1;1;Gaziemir, Yeşil Mahallesi;3050000
100;2 + 1;5;Kemalpaşa, Mehmet Akif Ersoy Mahallesi;2800000
130;3 + 1;5;Karşıyaka, Bahariye Mahallesi;1990000
90;2 + 1;1;Foça, Mustafa Kemal Atatürk Mahallesi;3300000
85;2 + 1;2;Konak, Kahramanlar Mahallesi;2350000
140;3 + 1;3;Çiğli, Küçük Çiğli Mahallesi;3450000
125;3 + 1;2;Karşıyaka, Bostanlı Mahallesi;4500000
75;2 + 1;1;Karşıyaka, Yalı Mahallesi;2400000
140;3 + 1;3;Karabağlar, Reis Mahallesi;2950000
135;3 + 1;4;Balçova, Onur Mahallesi;3500000
110;3 + 1;2;Karabağlar, Bahçelievler Mahallesi;2250000
130;3 + 1;1;Balçova, Onur Mahallesi;2000000
75;2 + 1;3;Karşıyaka, Yalı Mahallesi;3650000
96;2 + 1;2;Buca, Kozağaç Mahallesi;2750000
120;3 + 1;4;Karşıyaka, Bostanlı Mahallesi;3000000
120;3 + 1;1;Balçova, Korutürk Mahallesi;2250000
120;3 + 1;3;Bornova, Ergene Mahallesi;3600000
55;1 + 1;2;Buca, Kozağaç Mahallesi;1650000
147;3 + 1;3;Torbalı, Torbalı Mahallesi;1697000
90;2 + 1;4;Karşıyaka, Aksoy Mahallesi;2250000
135;3 + 1;2;Karşıyaka, Bostanlı Mahallesi;4900000
65;2 + 0;2;Buca, Kuruçeşme Mahallesi;1750000
123;3 + 1;2;Ödemiş, Hürriyet Mahallesi;2550000
85;2 + 1;3;Bergama, Maltepe Mahallesi;2000000
135;4 + 1;4;Karşıyaka, Şemikler Mahallesi;6150000
;;;;
160;3 + 1;1;Narlıdere, Huzur Mahallesi;6850000
160;3 + 1;2;Çiğli, Atatürk Mahallesi;3750000
85;2 + 1;1;Selçuk, 14 Mayıs Mahallesi;2750000
170;3 + 1;1;Konak, Murat Reis Mahallesi;3400000
115;2 + 1;1;Menemen, İsmet İnönü Mahallesi;2350000
130;3 + 1;1;Narlıdere, Atatürk Mahallesi;3000000
88;2 + 1;5;Bornova, Evka 4 Mahallesi;2350000
130;3 + 1;2;Güzelbahçe, Maltepe Mahallesi;8650000
250;4 + 1;2;Bergama, Zafer Mahallesi;3550000
87;2 + 1;1;Bayraklı, R Şevket İnce Mahallesi;2500000
200;3 + 1;2;Gaziemir, Gazikent Mahallesi;12850000
50;1 + 1;1;Çeşme, Boyalık Mahallesi;6750000
140;3 + 1;2;Gaziemir, Atıfbey Mahallesi;5000000
115;2 + 1;2;Torbalı, Fevzi Çakmak Mahallesi;2325000
80;2 + 1;3;Bornova, Erzene Mahallesi;2350000
60;1 + 1;2;Karabağlar, Bahar Mahallesi;1550000
164;3 + 1;3;Karşıyaka, Mavişehir Mahallesi;8500000
145;3 + 1;1;Balçova, Eğitim Mahallesi;4650000
75;2 + 1;3;Selçuk, Zafer Mahallesi;2950000
87;2 + 1;5;Bayraklı, R Şevket İnce Mahallesi;2500000
;;;;
130;3 + 1;5;Karşıyaka, Bostanlı Mahallesi;11750000
95;2 + 1;3;Konak, Kılıç Reis Mahallesi;1850000
129;3 + 1;7;Karşıyaka, Yalı Mahallesi;4700000
75;2 + 1;2;Dikili, Salimbey Mahallesi;3250000
110;2 + 1;6;Karabağlar, Basın Sitesi Mahallesi;1990000
108;3 + 1;3;Karşıyaka, Donanmacı Mahallesi;8600000
146;3 + 1;3;Buca, Aydoğdu Mahallesi;6250000
100;2 + 1;1;Buca, Barış Mahallesi;2600000
67;1 + 1;1;Karşıyaka, Demirköprü Mahallesi;2750000
90;2 + 1;1;Balçova, Onur Mahallesi;2250000
105;2 + 1;3;Balçova, Onur Mahallesi;2250000
;;;;
90;2 + 1;1;Menemen, Kasımpaşa Mahallesi;1300000
115;2 + 1;2;Bergama, Gaziosmanpaşa Mahallesi;1390000
97;2 + 1;5;Torbalı, Ertuğrul Mahallesi;2350000
60;1 + 1;2;Bornova, Erzene Mahallesi;2500000
130;3 + 1;2;Balçova, Teleferik Mahallesi;3770000
55;1 + 1;2;Menemen, İnönü Mahallesi;1500000
66;2 + 1;1;Çeşme, İsmet İnönü Mahallesi;4650000
100;2 + 1;4;Karabağlar, Arap Hasan Mahallesi;2470000
125;3 + 1;2;Balçova, Onur Mahallesi;3850000
100;3 + 1;3;Balçova, Onur Mahallesi;1800000
135;3 + 1;1;Çiğli, Atatürk Mahallesi;4250000
110;3 + 1;1;Ödemiş, Zafer Mahallesi;1350000
145;3 + 1;1;Menderes, Kasımpaşa Mahallesi;4350000
110;3 + 1;1;Karşıyaka, Demirköprü Mahallesi;5150000
83;2 + 1;1;Çeşme, İsmet İnönü Mahallesi;5850000
120;3 + 1;2;Balçova, Korutürk Mahallesi;2500000
140;3 + 1;3;Buca, Ufuk Mahallesi;3000000
55;1 + 1;2;Çiğli, Balatçık Mahallesi;2500000
110;3 + 1;5;Karşıyaka, Örnekköy Mahallesi;2350000
98;2 + 1;2;Bornova, Yeşilova Mahallesi;3590000
65;1 + 1;1;Bayraklı, Fuat Edip Baksı Mahallesi;2050000
130;3 + 1;1;Gaziemir, Irmak Mahallesi;4150000
130;3 + 1;1;Konak, Altıntaş Mahallesi;2400000
125;3 + 1;4;Seferihisar, Camikebir Mahallesi;4500000
65;1 + 1;2;Bayraklı, Muhittin Erener Mahallesi;1250000
96;2 + 1;5;Gaziemir, Zafer Mahallesi;1800000
98;2 + 1;2;Menemen, 29 Ekim Mahallesi;2250000
130;3 + 1;1;Narlıdere, 2 İnönü Mahallesi;3175000
121;3 + 1;1;Menderes, Kemalpaşa Mahallesi;5500000
155;3 + 2;2;Çeşme, Musalla Mahallesi;6249000
170;3 + 1;1;Karşıyaka, Bahariye Mahallesi;3400000
90;1 + 1;4;Karşıyaka, Mavişehir Mahallesi;5200000
125;3 + 1;3;Kemalpaşa, Mehmet Akif Ersoy Mahallesi;3750000
130;2 + 1;9;Çiğli, Atatürk Mahallesi;2100000
145;3 + 1;5;Gaziemir, Irmak Mahallesi;4650000
130;3 + 1;5;Narlıdere, 2 İnönü Mahallesi;2675000
150;3 + 1;1;Narlıdere, Ilıca Mahallesi;5300000
100;2 + 1;1;Konak, Göztepe Mahallesi;2495000
160;3 + 1;3;Ödemiş, Süleyman Demirel Mahallesi;2850000
90;2 + 1;3;Karabağlar, Bozyaka Mahallesi;2100000
115;3 + 1;2;Çiğli, Aydınlıkevler Mahallesi;3020000
130;3 + 1;1;Menemen, Uğur Mumcu Mahallesi;2350000
;;;;
120;2 + 1;1;Torbalı, Torbalı Mahallesi;1959000
90;2 + 1;1;Buca, Güven Mahallesi;2650000
146;3 + 1;3;Buca, Aydoğdu Mahallesi;6730000
120;3 + 1;2;Karşıyaka, Cumhuriyet Mahallesi;3400000
100;2 + 1;2;Konak, Çankaya Mahallesi;1875000
63;1 + 1;1;Menemen, Ulus Mahallesi;1700000
91;2 + 1;2;Çeşme, Ovacık Mahallesi;5249000
;;;;
170;3 + 1;2;Seferihisar, Camikebir Mahallesi;3450000
110;2 + 1;1;Konak, Atilla Mahallesi;2850000
80;2 + 1;2;Güzelbahçe, Yelki Mahallesi;4390000
155;3 + 1;3;Karabağlar, Adnan Süvari Mahallesi;3250000
150;2 + 1;1;Seferihisar, Camikebir Mahallesi;3450000
140;4 + 1;2;Urla, Sıra Mahallesi;6250000
155;3 + 1;1;Konak, Göztepe Mahallesi;6500000
110;3 + 1;3;Bornova, İnönü Mahallesi;2650000
165;4 + 1;1;Selçuk, 14 Mayıs Mahallesi;2850000
100;2 + 1;2;Konak, Zafertepe Mahallesi;3000000
160;3 + 1;4;Torbalı, Muratbey Mahallesi;3249000
120;3 + 1;2;Buca, Buca Koop Mahallesi;2600000
145;3 + 1;1;Karabağlar, Arap Hasan Mahallesi;3450000
90;2 + 1;1;Bayraklı, Fuat Edip Baksı Mahallesi;1550000
145;3 + 1;1;Menemen, Cumhuriyet Mahallesi;3500000
135;3 + 1;2;Çiğli, Atatürk Mahallesi;4450000
50;1 + 1;2;Buca, Kuruçeşme Mahallesi;1450000
;;;;
150;3 + 1;4;Menderes, Barbaros Mahallesi;4600000
100;2 + 1;5;Konak, Alsancak Mahallesi;3400000
110;3 + 1;4;Narlıdere, Huzur Mahallesi;3500000
125;3 + 1;3;Karabağlar, Üçkuyular Mahallesi;3250000
130;3 + 1;3;Karabağlar, Bahçelievler Mahallesi;3150000
85;2 + 1;1;Bornova, Ergene Mahallesi;5500000
150;3 + 1;4;Ödemiş, Gölcük Mahallesi;2700000
132;3 + 1;4;Bayraklı, Manavkuyu Mahallesi;4150000
155;3 + 1;1;Güzelbahçe, Maltepe Mahallesi;14500000
115;2 + 1;2;Karabağlar, Basın Sitesi Mahallesi;1650000
70;2 + 1;1;Bergama, Fatih Mahallesi;2250000
165;3 + 1;2;Urla, Güvendik Mahallesi;10500000
140;3 + 1;2;Buca, İnkılap Mahallesi;3200000
125;3 + 1;1;Konak, Murat Reis Mahallesi;2000000
;;;;
110;3 + 1;1;Çeşme, Sakarya Mahallesi;3749000
145;3 + 1;2;Narlıdere, Atatürk Mahallesi;4600000
;;;;
140;3 + 1;4;Çiğli, Küçük Çiğli Mahallesi;3500000
90;2 + 1;2;Gaziemir, Yeşil Mahallesi;2850000
;;;;
125;3 + 1;5;Konak, Atilla Mahallesi;1800000
120;3 + 1;2;Ödemiş, Anafartalar Mahallesi;1875000
100;2 + 1;2;Bergama, Fatih Mahallesi;2200000
135;3 + 1;2;Narlıdere, Narlı Mahallesi;4200000
130;3 + 1;3;Menderes, Kasımpaşa Mahallesi;3100000
130;3 + 1;2;Menderes, Mithatpaşa Mahallesi;3500000
75;1 + 1;1;Konak, Altıntaş Mahallesi;1100000
140;3 + 1;1;Gaziemir, Irmak Mahallesi;5350000
60;1 + 1;1;Ödemiş, Hürriyet Mahallesi;1255000
88;2 + 1;3;Buca, Kuruçeşme Mahallesi;2700000
128;3 + 1;1;Selçuk, 14 Mayıs Mahallesi;4750000
160;3 + 1;5;Buca, İnkılap Mahallesi;7000000
130;3 + 1;3;Konak, Mehmet Ali Akman Mahallesi;3685000
85;2 + 1;1;Bergama, Fatih Mahallesi;2500000
132;3 + 1;3;Seferihisar, Hıdırlık Mahallesi;3500000
100;2 + 1;1;Menemen, 9 Eylül Mahallesi;2550000
115;2 + 1;1;Gaziemir, Gazi Mahallesi;4300000
110;2 + 1;1;Ödemiş, Gölcük Mahallesi;2200000
120;3 + 1;3;Buca, İnkılap Mahallesi;2500000
210;4 + 1;4;Ödemiş, Kuvvetli Mahallesi;2870000
60;1 + 1;1;Menemen, İnönü Mahallesi;1600000
128;3 + 1;8;Karşıyaka, Zübeyde Hanım Mahallesi;3100000
110;2 + 1;1;Bayraklı, Osmangazi Mahallesi;1840000
50;1 + 1;1;Buca, Adatepe Mahallesi;1750000
150;3 + 1;3;Selçuk, Atatürk Mahallesi;3250000
120;3 + 1;5;Konak, Kemal Reis Mahallesi;2000000
125;3 + 1;2;Çiğli, Ataşehir Mahallesi;3050000
110;3 + 1;1;Buca, Akıncılar Mahallesi;2650000
135;3 + 1;3;Konak, Kılıç Reis Mahallesi;3200000
90;2 + 1;1;Karşıyaka, Bahriye Üçok Mahallesi;2400000
90;2 + 1;5;Torbalı, Muratbey Mahallesi;1850000
80;1 + 1;3;Konak, Kahramanlar Mahallesi;1700000
90;2 + 1;4;Buca, Dicle Mahallesi;2700000
95;2 + 1;1;Menderes, Barbaros Mahallesi;3000000
135;3 + 1;4;Menemen, 30 Ağustos Mahallesi;2500000
230;4 + 2;6;Çiğli, Esentepe Mahallesi;4800000
104;2 + 1;6;Çiğli, Uğur Mumcu Mahallesi;3240000
120;3 + 1;4;Konak, Güneşli Mahallesi;1600000
132;3 + 1;4;Karşıyaka, Aksoy Mahallesi;3250000
145;31 + 1;2;Karşıyaka, Şemikler Mahallesi;2700000
118;3 + 1;1;Menemen, Atatürk Mahallesi;2000000
125;3 + 1;5;Konak, Kahramanlar Mahallesi;3450000
135;2 + 1;2;Ödemiş, Mimar Sinan Mahallesi;2575000
75;1 + 1;1;Seferihisar, Turabiye Mahallesi;1800000
55;1 + 1;3;Buca, Yaylacık Mahallesi;1850000
50;1 + 1;1;Karabağlar, Vatan Mahallesi;2550000
110;3 + 1;1;Balçova, Fevzi Çakmak Mahallesi;2350000
125;2 + 1;2;Bayraklı, Tepekule Mahallesi;1320000
130;3 + 1;1;Konak, Güzelyalı Mahallesi;2580000
135;3 + 1;1;Çiğli, Ataşehir Mahallesi;6650000
106;3 + 1;4;Bayraklı, Mansuroğlu Mahallesi;2250000
193;4 + 1;2;Gaziemir, Gazi Mahallesi;6700000
200;3 + 1;2;Karabağlar, Bahçelievler Mahallesi;15500000
;;;;
177;3 + 1;4;Buca, Aydoğdu Mahallesi;8350000
65;1 + 1;13;Karşıyaka, Yalı Mahallesi;5600000
105;3 + 1;2;Karşıyaka, Bahariye Mahallesi;2950000
84;2 + 1;3;Çiğli, Ataşehir Mahallesi;5850000
120;3 + 1;5;Bornova, Ergene Mahallesi;3950000
95;2 + 1;3;Karabağlar, Sevgi Mahallesi;1800000
120;3 + 1;2;Bornova, Erzene Mahallesi;2400000
130;3 + 1;2;Karşıyaka, Şemikler Mahallesi;3000000
130;3 + 1;1;Menemen, Mermerli Mahallesi;4500000
120;3 + 1;2;Güzelbahçe, Yelki Mahallesi;7000000
120;3 + 1;1;Bayraklı, Körfez Mahallesi;3900000
100;3 + 1;5;Bayraklı, Adalet Mahallesi;2800000
110;2 + 1;5;Karşıyaka, Yalı Mahallesi;3598000
100;2 + 1;1;Seferihisar, Camikebir Mahallesi;2950000
80;2 + 1;1;Karşıyaka, Bahariye Mahallesi;1650000
105;2 + 1;2;Karabağlar, Bahçelievler Mahallesi;2600000
120;3 + 1;2;Karşıyaka, Bostanlı Mahallesi;11000000
150;3 + 1;2;Karşıyaka, Bahçelievler Mahallesi;4250000
135;3 + 1;6;Karabağlar, Yurdoğlu Mahallesi;4250000
110;3 + 1;4;Konak, Altıntaş Mahallesi;1600000
90;2 + 1;1;Menemen, Yeşil Pınar Mahallesi;1425000
140;3 + 1;2;Karşıyaka, Goncalar Mahallesi;4000000
200;3 + 1;2;Güzelbahçe, Yalı Mahallesi;9375000
135;3 + 1;5;Karşıyaka, Aksoy Mahallesi;4950000
70;1 + 1;1;Karşıyaka, Yalı Mahallesi;2300000
;;;;
90;2 + 1;4;Bayraklı, Emek Mahallesi;1900000
100;2 + 1;5;Karşıyaka, Yalı Mahallesi;3500000
140;3 + 1;8;Karşıyaka, Dedebaşı Mahallesi;3200000
142;3 + 1;3;Bornova, Ergene Mahallesi;4900000
90;2 + 1;2;Karabağlar, Reis Mahallesi;2250000
129;3 + 1;1;Kemalpaşa, Çambel Mahallesi;2499000
160;3 + 1;3;Karşıyaka, Aksoy Mahallesi;5500000
55;1 + 1;1;Menemen, İnönü Mahallesi;1525000
;;;;
140;3 + 1;5;Karşıyaka, Mustafa Kemal Mahallesi;6985000
125;3 + 1;2;Narlıdere, Çamtepe Mahallesi;5625000
110;3 + 1;3;Bornova, İnönü Mahallesi;2650000
150;3 + 1;3;Narlıdere, Çamtepe Mahallesi;4150000
;;;;
125;3 + 1;1;Konak, Altıntaş Mahallesi;2100000
95;2 + 1;2;Menemen, İstiklal Mahallesi;3050000
130;2 + 1;5;Menemen, Esatpaşa Mahallesi;2000000
;;;;
95;2 + 1;2;Karabağlar, General Kazım Özalp Mahallesi;2350000
47;1 + 0;2;Balçova, Çetin Emeç Mahallesi;1600000
110;2 + 1;4;Konak, Alsancak Mahallesi;14500000
70;2 + 1;2;Selçuk, Zafer Mahallesi;2500000
70;2 + 1;3;Menemen, İnönü Mahallesi;1750000
130;3 + 1;4;Buca, Akıncılar Mahallesi;3250000
80;2 + 1;2;Konak, Akın Simav Mahallesi;1350000
125;3 + 1;2;Çiğli, Cumhuriyet Mahallesi;1850000
110;2 + 1;4;Kemalpaşa, Soğukpınar Mahallesi;1550000
250;5 + 1;3;Aliağa, Yeni Mahallesi;4000000
160;3 + 1;6;Çiğli, Esentepe Mahallesi;3850000
200;3 + 1;4;Ödemiş, İnönü Mahallesi;3900000
65;2 + 1;5;Karşıyaka, Nergiz Mahallesi;3050000
65;2 + 1;2;Foça, Fevzi Çakmak Mahallesi;3250000
120;3 + 1;2;Selçuk, Zafer Mahallesi;3550000
110;2 + 1;2;Ödemiş, Umurbey Mahallesi;1600000
145;3 + 1;2;Bergama, Fevzipaşa Mahallesi;1475000
200;4 + 1;4;Dikili, Gazipaşa Mahallesi;5200000
95;2 + 1;1;Bayraklı, Soğukkuyu Mahallesi;2550000
160;3 + 1;4;Ödemiş, Kuvvetli Mahallesi;3270000
170;3 + 1;6;Balçova, Eğitim Mahallesi;3950000
90;2 + 1;6;Bergama, Zafer Mahallesi;1650000
95;2 + 1;2;Karşıyaka, Yalı Mahallesi;4000000
110;3 + 1;3;Karabağlar, Ali Fuat Cebesoy Mahallesi;5000000
120;3 + 1;1;Menemen, Kazımpaşa Mahallesi;2499000
100;2 + 1;1;Buca, Yaylacık Mahallesi;2500000
135;3 + 1;1;Bornova, Erzene Mahallesi;2100000
125;2 + 1;2;Konak, Güneşli Mahallesi;3400000
150;3 + 1;5;Dikili, Çandarlı Mahallesi;4250000
117;2 + 1;1;Çiğli, Güzeltepe Mahallesi;2750000
155;3 + 1;6;Menemen, İncirli Pınar Mahallesi;2575000
102;2 + 1;1;Çiğli, Ataşehir Mahallesi;3500000
95;2 + 1;1;Torbalı, Yedi Eylül Mahallesi;2050000
;;;;
140;3 + 1;3;Menemen, 9 Eylül Mahallesi;2550000
150;3 + 1;2;Karşıyaka, Örnekköy Mahallesi;4250000
143;3 + 1;3;Torbalı, Torbalı Mahallesi;3050000
80;2 + 1;1;Ödemiş, Mimar Sinan Mahallesi;1650000
100;2 + 1;2;Ödemiş, Bengisu Mahallesi;1850000
50;1 + 1;1;Menemen, İnönü Mahallesi;1620000
159;3 + 1;1;Karşıyaka, Şemikler Mahallesi;4000000
121;1 + 1;1;Karabağlar, Yunus Emre Mahallesi;1800000
150;3 + 1;10;Karşıyaka, Zübeyde Hanım Mahallesi;6000000
55;1 + 1;3;Buca, Kozağaç Mahallesi;1670000
170;3 + 1;7;Balçova, Eğitim Mahallesi;3750000
135;3 + 1;3;Konak, Çankaya Mahallesi;3250000
130;3 + 1;8;Bornova, Kazımdirik Mahallesi;2580000
120;3 + 1;4;Çiğli, Atatürk Mahallesi;1900000
160;3 + 1;1;Çiğli, Ataşehir Mahallesi;6500000
95;2 + 1;1;Aliağa, Yeni Mahallesi;2195000
120;3 + 1;3;Çiğli, Cumhuriyet Mahallesi;2600000
145;3 + 1;2;Menemen, Mermerli Mahallesi;2500000
160;3 + 1;1;Karabağlar, Kazım Karabekir Mahallesi;2150000
120;2 + 1;5;Karşıyaka, Şemikler Mahallesi;4250000
60;1 + 1;4;Menderes, Çukuraltı Mahallesi;2600000
130;3 + 1;2;Karabağlar, Metin Oktay Mahallesi;3750000
85;2 + 1;2;Foça, Mustafa Kemal Atatürk Mahallesi;2950000
160;3 + 1;1;Güzelbahçe, Maltepe Mahallesi;4000000
95;2 + 1;2;Tire, 4 Eylül Mahallesi;1700000
85;2 + 1;2;Bergama, Fatih Mahallesi;1550000
116;2 + 1;1;Buca, Mustafa Kemal Mahallesi;2700000
125;2 + 1;3;Karabağlar, Üçkuyular Mahallesi;1950000
120;3 + 1;5;Çiğli, Evka-5 Mahallesi;3350000
110;3 + 1;4;Karşıyaka, Bahçelievler Mahallesi;1900000
125;3 + 1;3;Karabağlar, Vatan Mahallesi;2830000
115;2 + 1;5;Karabağlar, Bahçelievler Mahallesi;1975000
100;2 + 1;1;Selçuk, Atatürk Mahallesi;1650000
178;3 + 1;6;Buca, Aydoğdu Mahallesi;7750000
145;3 + 1;4;Bayraklı, Gümüşpala Mahallesi;5000000
115;2 + 1;1;Bergama, Fatih Mahallesi;2500000
138;3 + 1;3;Seferihisar, Hıdırlık Mahallesi;4500000
85;2 + 1;5;Çiğli, Esentepe Mahallesi;2695000
90;2 + 1;1;Balçova, Eğitim Mahallesi;4500000
100;3 + 1;3;Karşıyaka, Bostanlı Mahallesi;11000000
120;3 + 1;1;Buca, Akıncılar Mahallesi;2950000
105;2 + 1;7;Konak, Kılıç Reis Mahallesi;2600000
95;2 + 1;2;Selçuk, 14 Mayıs Mahallesi;3000000
160;3 + 1;3;Selçuk, Zafer Mahallesi;4500000
140;3 + 1;1;Bornova, Erzene Mahallesi;6200000
108;3 + 1;3;Bornova, Atatürk Mahallesi;5200000
135;3 + 1;2;Bergama, Atatürk Mahallesi;2725000
128;3 + 1;4;Karşıyaka, Şemikler Mahallesi;2050000
85;2 + 1;2;Balçova, Korutürk Mahallesi;3100000
55;1 + 1;5;Menderes, Gümüldür Fevzi Çakmak Mahallesi;1750000
80;2 + 1;2;Karşıyaka, Fikri Altay Mahallesi;3250000
98;2 + 1;2;Karşıyaka, Örnekköy Mahallesi;3600000
160;3 + 1;7;Bayraklı, Osmangazi Mahallesi;6500000
140;3 + 1;2;Ödemiş, Atatürk Mahallesi;3000000
40;1 + 0;2;Menemen, İnönü Mahallesi;1420000
108;3 + 1;1;Karşıyaka, Bahriye Üçok Mahallesi;2400000
55;1 + 1;1;Karşıyaka, Fikri Altay Mahallesi;2200000
130;3 + 1;1;Karşıyaka, Bostanlı Mahallesi;6750000
75;2 + 1;1;Torbalı, Fevzi Çakmak Mahallesi;1600000
160;3 + 1;1;Bayraklı, Postacılar Mahallesi;3150000
125;2 + 1;1;Konak, Turgut Reis Mahallesi;1700000
58;2 + 1;3;Menderes, Gümüldür Fevzi Çakmak Mahallesi;1490000
100;2 + 1;2;Torbalı, Torbalı Mahallesi;2700000
135;3 + 1;4;Karşıyaka, Bostanlı Mahallesi;4990021
39;1 + 1;2;Menemen, İnönü Mahallesi;1550000
60;1 + 1;2;Menderes, Gümüldür Fevzi Çakmak Mahallesi;1600000
100;2 + 1;1;Bayraklı, Emek Mahallesi;2600000
56;2 + 2;1;Buca, Kuruçeşme Mahallesi;1985000
95;2 + 1;3;Seferihisar, Turabiye Mahallesi;2000000
45;1 + 1;1;Menemen, 85 Yıl Cumhuriyet Mahallesi;1500000
135;3 + 1;6;Karabağlar, Üçkuyular Mahallesi;4250000
71;2 + 1;3;Buca, Yenigün Mahallesi;2250000
85;2 + 1;4;Buca, İnkılap Mahallesi;1550000
160;3 + 1;6;Menemen, İstiklal Mahallesi;4800000
;;;;
90;2 + 1;1;Karaburun, Mordoğan Mahallesi;4250000
175;3 + 1;3;Çiğli, Ataşehir Mahallesi;7500000
122;3 + 1;2;Çiğli, Egekent Mahallesi;1950000
80;2 + 1;3;Buca, Hürriyet Mahallesi;2600000
125;3 + 1;3;Gaziemir, Atıfbey Mahallesi;4600000
110;2 + 1;4;Karabağlar, Arap Hasan Mahallesi;2470000
100;2 + 1;2;Çiğli, Esentepe Mahallesi;3250000
55;1 + 0;1;Balçova, Çetin Emeç Mahallesi;1600000
100;2 + 1;2;Foça, Mustafa Kemal Atatürk Mahallesi;2995000
95;2 + 1;1;Bayraklı, Mansuroğlu Mahallesi;2400000
155;3 + 1;3;Karşıyaka, Yalı Mahallesi;4650000
150;3 + 1;6;Bayraklı, Soğukkuyu Mahallesi;3500000
115;3 + 1;4;Narlıdere, 2 İnönü Mahallesi;3250000
115;2 + 1;3;Ödemiş, Akıncılar Mahallesi;1990000
120;2 + 1;1;Konak, Murat Reis Mahallesi;2100000
140;3 + 1;2;Karabağlar, Doğanay Mahallesi;2200000
100;2 + 1;2;Selçuk, 14 Mayıs Mahallesi;1725000
50;1 + 1;6;Menemen, Kazımpaşa Mahallesi;1287000
140;3 + 1;3;Ödemiş, Süleyman Demirel Mahallesi;1600000
142;3 + 1;5;Balçova, Teleferik Mahallesi;3500000
110;2 + 1;1;Karabağlar, Arap Hasan Mahallesi;2150000
100;2 + 1;1;Karşıyaka, Şemikler Mahallesi;2850000
130;3 + 1;1;Ödemiş, Anafartalar Mahallesi;1800000
680;3 + 1;3;Çiğli, Maltepe Mahallesi;11500000
125;3 + 1;1;Konak, Mithatpaşa Mahallesi;2650000
115;3 + 1;6;Bayraklı, Mansuroğlu Mahallesi;2750000
135;3 + 1;1;Konak, Kılıç Reis Mahallesi;1300000
126;3 + 1;5;Gaziemir, Atıfbey Mahallesi;2600000
95;2 + 1;3;Bergama, İslamsaray Mahallesi;1700000
189;3 + 1;5;Karşıyaka, Şemikler Mahallesi;3999000
180;3 + 1;2;Foça, Kazım Dirik Mahallesi;3490000
110;3 + 1;1;Balçova, Fevzi Çakmak Mahallesi;2350000
135;3 + 1;1;Menemen, İstiklal Mahallesi;3000000
90;2 + 1;2;Torbalı, Torbalı Mahallesi;2500000
64;1 + 1;1;Buca, Adatepe Mahallesi;1775000
110;2 + 1;2;Selçuk, Zafer Mahallesi;2500000
50;1 + 1;1;Çiğli, Balatçık Mahallesi;1900000
160;3 + 1;3;Çiğli, Ataşehir Mahallesi;10500000
90;2 + 1;1;Buca, Kuruçeşme Mahallesi;1325000
240;4 + 1;5;Ödemiş, Kuvvetli Mahallesi;2700000
55;1 + 1;1;Seferihisar, Turabiye Mahallesi;1650000
65;2 + 1;2;Gaziemir, Zafer Mahallesi;2200000
125;3 + 1;2;Buca, İnkılap Mahallesi;2600000
120;4 + 1;3;Seferihisar, Mersin Alanı Mahallesi;3750000
90;2 + 1;4;Karabağlar, Muammer Akar Mahallesi;2200000
125;3 + 1;4;Balçova, Çetin Emeç Mahallesi;4600000
90;2 + 1;2;Menderes, Çukuraltı Mahallesi;3750000
70;2 + 1;8;Menemen, Esatpaşa Mahallesi;1884000
85;2 + 1;5;Karşıyaka, Bostanlı Mahallesi;2830000
135;3 + 1;6;Menemen, 30 Ağustos Mahallesi;5450000
145;3 + 1;8;Bayraklı, Yamanlar Mahallesi;3600000
85;1 + 1;1;Seferihisar, Bengiler Mahallesi;3500000
130;3 + 1;9;Buca, Atatürk Mahallesi;2990000
115;2 + 1;2;Balçova, Eğitim Mahallesi;4000000
170;3 + 1;1;Torbalı, Ertuğrul Mahallesi;3500000
150;3 + 1;1;Buca, Barış Mahallesi;2250000
150;3 + 1;3;Çiğli, Küçük Çiğli Mahallesi;3100000
95;2 + 1;1;Karşıyaka, İmbatlı Mahallesi;3650000
100;2 + 1;1;Çeşme, Reisdere Mahallesi;5300000
200;4 + 1;2;Urla, Sıra Mahallesi;5500000
170;3 + 1;2;Güzelbahçe, Yalı Mahallesi;7900000
115;2 + 1;1;Çiğli, Yakakent Mahallesi;4690000
125;3 + 1;5;Konak, Altıntaş Mahallesi;1800000
110;3 + 1;1;Bayraklı, R Şevket İnce Mahallesi;2250000
45;1 + 1;1;Dikili, Çandarlı Mahallesi;2500000
120;3 + 1;1;Buca, Hürriyet Mahallesi;2900000
125;3 + 1;1;Bergama, İnkılap Mahallesi;1500000
80;2 + 1;3;Karabağlar, Ali Fuat Erden Mahallesi;1150000
100;2 + 1;2;Konak, Altıntaş Mahallesi;3590000
55;1 + 1;1;Buca, Hürriyet Mahallesi;1700000
95;2 + 1;5;Bergama, Fatih Mahallesi;2750000
150;4 + 2;4;Konak, Alsancak Mahallesi;6500000
70;2 + 1;1;Çeşme, Ovacık Mahallesi;3550000
80;2 + 1;2;Selçuk, Atatürk Mahallesi;2250000
55;1 + 1;1;Aliağa, Yeni Mahallesi;1625000
87;2 + 1;3;Çiğli, Esentepe Mahallesi;2715000
140;3 + 1;6;Karşıyaka, Yalı Mahallesi;5598000
120;3 + 1;5;Karabağlar, Bahçelievler Mahallesi;3100000
60;1 + 1;1;Karşıyaka, Yalı Mahallesi;2300000
115;3 + 1;2;Karşıyaka, Şemikler Mahallesi;4500000
125;3 + 1;1;Karabağlar, Bahçelievler Mahallesi;3275000
140;2 + 1;3;Konak, Çankaya Mahallesi;3600000
135;3 + 1;2;Karabağlar, Vatan Mahallesi;2400000
120;3 + 1;2;Konak, Kılıç Reis Mahallesi;2945000
158;3 + 1;4;Çiğli, Yakakent Mahallesi;6500000
220;3 + 1;6;Çiğli, Esentepe Mahallesi;3650000
125;3 + 1;3;Karşıyaka, Bahariye Mahallesi;3500000
120;3 + 1;3;Karşıyaka, Bahçelievler Mahallesi;3100000
90;2 + 1;2;Menemen, İnönü Mahallesi;1900000
220;4 + 1;16;Karşıyaka, Mavişehir Mahallesi;11000000
125;3 + 1;1;Gaziemir, Atıfbey Mahallesi;2200000
165;3 + 1;6;Bornova, Tuna Mahallesi;5500000
100;2 + 1;3;Bayraklı, Manavkuyu Mahallesi;2300000
71;2 + 1;2;Karşıyaka, Örnekköy Mahallesi;2690000
110;2 + 1;4;Çiğli, İzkent Mahallesi;3400000
130;3 + 1;1;Karabağlar, Esenlik Mahallesi;2150000
90;2 + 1;3;Karşıyaka, Örnekköy Mahallesi;2500000
175;5 + 1;4;Seferihisar, Camikebir Mahallesi;3750000
141;3 + 1;4;Ödemiş, Cumhuriyet Mahallesi;3500000
145;3 + 1;3;Bornova, Koşukavak Mahallesi;4900000
145;3 + 1;2;Karabağlar, Fahrettin Altay Mahallesi;7250000
125;3 + 1;3;Karabağlar, Bahçelievler Mahallesi;3150000
90;2 + 1;1;Buca, İnkılap Mahallesi;1525000
120;3 + 1;1;Çiğli, Cumhuriyet Mahallesi;2450000
130;3 + 1;2;Karabağlar, Kazım Karabekir Mahallesi;2450000
110;2 + 1;3;Balçova, Eğitim Mahallesi;2125000
140;3 + 1;7;Bornova, Barbaros Mahallesi;3700000
110;3 + 1;2;Güzelbahçe, Yalı Mahallesi;3800000
;;;;
55;1 + 1;4;Selçuk, Zafer Mahallesi;1500000
128;2 + 1;1;Balçova, Fevzi Çakmak Mahallesi;4250000
135;3 + 1;4;Selçuk, Atatürk Mahallesi;2850000
55;1 + 1;2;Menemen, Zeytinlik Mahallesi;1350000
105;2 + 1;2;Karşıyaka, Goncalar Mahallesi;3250000
90;2 + 1;3;Balçova, Eğitim Mahallesi;4750000
145;3 + 1;6;Bayraklı, Yamanlar Mahallesi;2950000
90;2 + 1;1;Karaburun, Mordoğan Mahallesi;15000000
85;2 + 1;1;Torbalı, Muratbey Mahallesi;1650000
100;2 + 1;4;Çiğli, Atatürk Mahallesi;2600000
;;;;
165;3 + 1;2;Güzelbahçe, Kahramandere Mahallesi;10300000
130;3 + 1;1;Seferihisar, Hıdırlık Mahallesi;2950000
150;3 + 1;4;Konak, Göztepe Mahallesi;2950000
130;3 + 1;2;Konak, Göztepe Mahallesi;2700000
90;2 + 1;1;Selçuk, Zafer Mahallesi;2450000
70;1 + 1;2;Bornova, Erzene Mahallesi;3000000
107;2 + 1;3;Karşıyaka, Şemikler Mahallesi;2750000
55;1 + 1;6;Bornova, Mevlana Mahallesi;2500000
116;3 + 1;7;Buca, Buca Koop Mahallesi;3130000
125;3 + 1;3;Konak, Murat Reis Mahallesi;2600000
145;3 + 1;2;Bergama, Bahçelievler Mahallesi;2050000
220;4 + 1;5;Çiğli, Atatürk Mahallesi;5750000
30;1 + 1;1;Konak, Barbaros Mahallesi;1250000
66;1 + 1;5;Bornova, Evka 4 Mahallesi;1900000
100;2 + 1;1;Seferihisar, Hıdırlık Mahallesi;2350000
135;3 + 1;3;Narlıdere, Çatalkaya Mahallesi;4500000
120;3 + 1;4;Karabağlar, Reis Mahallesi;1750000
160;3 + 1;1;Gaziemir, Yeşil Mahallesi;4775000
120;3 + 1;4;Karşıyaka, Bahariye Mahallesi;2700000
162;3 + 1;5;Karabağlar, Yurdoğlu Mahallesi;2500000
85;2 + 1;5;Konak, Kocatepe Mahallesi;975000
168;3 + 1;3;Karşıyaka, Mavişehir Mahallesi;5850000
110;2 + 1;1;Konak, Kılıç Reis Mahallesi;1875000
130;3 + 1;1;Menemen, Kasımpaşa Mahallesi;1850000
85;2 + 1;2;Konak, Güzelyalı Mahallesi;2350000
115;3 + 1;4;Balçova, Onur Mahallesi;3200000
170;3 + 1;5;Bayraklı, Tepekule Mahallesi;5100000
190;4 + 1;5;Ödemiş, İnönü Mahallesi;2000000
80;2 + 1;2;Buca, İnkılap Mahallesi;1550000
158;3 + 1;2;Karşıyaka, Şemikler Mahallesi;4000000
115;2 + 1;4;Menemen, 9 Eylül Mahallesi;2500000
95;2 + 1;3;Balçova, Onur Mahallesi;3100000
100;2 + 1;1;Çiğli, Atatürk Mahallesi;2400000
94;3 + 1;3;Çeşme, Musalla Mahallesi;6850000
110;3 + 1;3;Buca, Yenigün Mahallesi;2850000
120;3 + 1;2;Karşıyaka, Bahçelievler Mahallesi;2550000
90;2 + 1;5;Karşıyaka, Bostanlı Mahallesi;3000000
135;3 + 1;7;Bayraklı, Postacılar Mahallesi;2900000
120;3 + 1;5;Karabağlar, Vatan Mahallesi;2250000
125;3 + 1;3;Karabağlar, Bahçelievler Mahallesi;3450000
170;3 + 1;2;Menemen, Gazi Mahallesi;3350000
160;3 + 1;3;Ödemiş, Süleyman Demirel Mahallesi;4600000
110;2 + 1;1;Balçova, Eğitim Mahallesi;3980000
114;3 + 1;5;Bornova, Ergene Mahallesi;3950000
95;2 + 1;3;Menemen, Gazi Mahallesi;2050000
120;31 + 1;2;Karşıyaka, Şemikler Mahallesi;3500000
165;3 + 1;14;Buca, Hürriyet Mahallesi;6050000
55;1 + 1;1;Seferihisar, Camikebir Mahallesi;2100000
135;3 + 1;2;Gaziemir, Irmak Mahallesi;3500000
95;2 + 1;2;Torbalı, Muratbey Mahallesi;2000000
120;3 + 1;2;Seferihisar, Bengiler Mahallesi;2800000
135;3 + 1;2;Aliağa, Yeni Mahallesi;2799999
134;3 + 1;2;Karşıyaka, Şemikler Mahallesi;2475000
90;2 + 1;5;Foça, Atatürk Mahallesi;7750000
182;4 + 1;5;Ödemiş, Türkmen Mahallesi;3150000
75;2 + 1;1;Bornova, Yeşilova Mahallesi;2325000
180;3 + 1;4;Bornova, Evka 3 Mahallesi;11250000
135;2 + 1;8;Bornova, Tuna Mahallesi;3500000
140;3 + 1;4;Karşıyaka, Tuna Mahallesi;3250000
145;3 + 1;2;Seferihisar, Çolak İbrahim Bey Mahallesi;3150000
115;2 + 1;4;Menderes, Cüneytbey Mahallesi;3450000
92;2 + 1;3;Konak, Mithatpaşa Mahallesi;1950000
80;1 + 1;1;Karabağlar, Refet Bele Mahallesi;1250000
125;3 + 1;2;Konak, Murat Reis Mahallesi;3450000
90;2 + 1;1;Buca, Hürriyet Mahallesi;2355000
105;2 + 1;2;Menderes, Kasımpaşa Mahallesi;2150000
145;3 + 1;5;Karşıyaka, Bahariye Mahallesi;3500000
90;2 + 1;3;Karşıyaka, Yalı Mahallesi;5950000
130;3 + 1;1;Karabağlar, Bahçelievler Mahallesi;3650000
250;7 + 1;4;Ödemiş, Bengisu Mahallesi;3800000
110;2 + 1;2;Karşıyaka, Fikri Altay Mahallesi;4000000
120;3 + 1;2;Çeşme, Dalyan Mahallesi;6500000
100;3 + 1;4;Konak, Murat Reis Mahallesi;3600000
;;;;
220;4 + 1;5;Konak, Mithatpaşa Mahallesi;12250000
120;3 + 1;4;Karabağlar, Doğanay Mahallesi;1900000
125;3 + 1;4;Konak, Mehmet Ali Akman Mahallesi;3250000
130;3 + 1;2;Karşıyaka, Aksoy Mahallesi;4750000
135;3 + 1;2;Ödemiş, Atatürk Mahallesi;1600000
55;1 + 1;1;Tire, Fatih Mahallesi;1750000
200;3 + 1;5;Menemen, 9 Eylül Mahallesi;4000000
130;3 + 1;5;Ödemiş, İnönü Mahallesi;1800000
85;2 + 1;2;Balçova, Korutürk Mahallesi;3100000
75;1 + 1;1;Karabağlar, Selvili Mahallesi;1500000
45;1 + 1;1;Çeşme, Sakarya Mahallesi;3300000
94;2 + 1;6;Çiğli, Ataşehir Mahallesi;6250000
80;2 + 1;5;Bayraklı, Emek Mahallesi;2200000
100;3 + 1;1;Balçova, Onur Mahallesi;2200000
97;2 + 1;2;Bergama, Maltepe Mahallesi;3250000
52;1 + 1;5;Karşıyaka, Aksoy Mahallesi;3650000
110;2 + 1;2;Konak, Murat Reis Mahallesi;2850000
120;3 + 1;3;Konak, Kemal Reis Mahallesi;4750000
200;3 + 1;2;Gaziemir, Irmak Mahallesi;12000000
180;4 + 1;3;Karabağlar, Arap Hasan Mahallesi;4150000
147;3 + 1;4;Balçova, Onur Mahallesi;2950000
125;3 + 1;5;Çiğli, Ataşehir Mahallesi;3900000
110;2 + 1;1;Buca, Mustafa Kemal Mahallesi;2125000
112;2 + 1;3;Seferihisar, Çolak İbrahim Bey Mahallesi;6500000
94;1 + 1;2;Ödemiş, Atatürk Mahallesi;1400000
135;3 + 1;2;Buca, Yenigün Mahallesi;2600000
80;2 + 1;2;Karşıyaka, Bostanlı Mahallesi;7500000
180;4 + 1;2;Menemen, Kazımpaşa Mahallesi;3332000
115;3 + 1;2;Konak, Mithatpaşa Mahallesi;3200000
92;2 + 1;2;Foça, Mustafa Kemal Atatürk Mahallesi;5500000
170;3 + 1;8;Menemen, İstiklal Mahallesi;5700000
115;3 + 1;4;Karabağlar, Reis Mahallesi;1525000
130;3 + 1;2;Balçova, Fevzi Çakmak Mahallesi;4950000
106;2 + 1;7;Karşıyaka, Örnekköy Mahallesi;3600000
85;2 + 1;5;Buca, İnönü Mahallesi;2150000
230;4 + 1;5;Ödemiş, Cumhuriyet Mahallesi;2800000
145;3 + 1;3;Bornova, Kazımdirik Mahallesi;3250000
120;3 + 1;2;Gaziemir, Sevgi Mahallesi;6500000
70;2 + 1;1;Konak, Atilla Mahallesi;1350000
50;1 + 1;1;Bayraklı, Emek Mahallesi;1300000
140;2 + 1;1;Ödemiş, Anafartalar Mahallesi;1550000
120;3 + 1;6;Karabağlar, Esenlik Mahallesi;1525000
80;2 + 1;1;Bayraklı, Muhittin Erener Mahallesi;1950000
90;2 + 1;1;Bornova, Erzene Mahallesi;2100000
60;1 + 1;2;Karşıyaka, Yalı Mahallesi;2150000
130;3 + 1;3;Konak, Çankaya Mahallesi;3250000
116;3 + 1;2;Çiğli, Ataşehir Mahallesi;3100000
130;3 + 1;1;Karşıyaka, Bostanlı Mahallesi;3200000
135;3 + 1;1;Çiğli, Atatürk Mahallesi;2875000
90;2 + 1;4;Karabağlar, Kazım Karabekir Mahallesi;1800000
190;3 + 2;5;Karşıyaka, Dedebaşı Mahallesi;5800000
105;2 + 1;3;Balçova, Onur Mahallesi;2250000
55;1 + 1;1;Karşıyaka, Örnekköy Mahallesi;1800000
85;2 + 1;2;Karabağlar, Şehitler Mahallesi;1500000
155;3 + 1;3;Torbalı, Torbalı Mahallesi;2750000
;;;;
75;2 + 1;1;Foça, Yenibağarası Mahallesi;2500000
110;2 + 1;6;Karabağlar, Vatan Mahallesi;1630000
90;2 + 1;2;Konak, Altıntaş Mahallesi;1450000
120;3 + 1;1;Menemen, İsmet İnönü Mahallesi;2690000
138;3 + 1;4;Karabağlar, Esenlik Mahallesi;2075000
138;3 + 1;4;Kemalpaşa, Mehmet Akif Ersoy Mahallesi;2230000
125;3 + 1;5;Balçova, Fevzi Çakmak Mahallesi;2100000
96;2 + 1;2;Karşıyaka, İmbatlı Mahallesi;3750000
85;2 + 1;1;Menemen, Kasımpaşa Mahallesi;1310000
85;2 + 1;1;Menemen, Kasımpaşa Mahallesi;1310000
112;2 + 1;5;Bornova, Meriç Mahallesi;3900000
105;2 + 1;1;Seferihisar, Camikebir Mahallesi;4000000
149;3 + 1;3;Karşıyaka, Zübeyde Hanım Mahallesi;3100000
110;2 + 1;2;Balçova, Çetin Emeç Mahallesi;4700000
95;2 + 1;2;Karşıyaka, Şemikler Mahallesi;4600000
250;4 + 1;5;Karşıyaka, İmbatlı Mahallesi;8900000
145;3 + 1;2;Karabağlar, Tahsin Yazıcı Mahallesi;5650000
125;3 + 1;5;Seferihisar, Turabiye Mahallesi;2925000
135;3 + 1;3;Narlıdere, Narlı Mahallesi;4200000
100;2 + 1;1;Balçova, Eğitim Mahallesi;3150000
145;3 + 1;2;Buca, Menderes Mahallesi;4100000
77;2 + 1;2;Bayraklı, Cengizhan Mahallesi;1600000
150;3 + 1;2;Karşıyaka, Tuna Mahallesi;7250000
175;3 + 1;1;Buca, Aydoğdu Mahallesi;6400000
125;3 + 1;2;Gaziemir, Irmak Mahallesi;6100000
154;3 + 1;9;Karşıyaka, Yalı Mahallesi;12650000
;;;;
125;3 + 1;1;Karabağlar, Devrim Mahallesi;1765000
140;3 + 1;1;Menemen, 30 Ağustos Mahallesi;5500000
168;3 + 1;2;Konak, Kemal Reis Mahallesi;8650000
145;3 + 1;2;Karşıyaka, Dedebaşı Mahallesi;6200000
140;3 + 1;1;Ödemiş, Süleyman Demirel Mahallesi;3750000
90;2 + 1;5;Bayraklı, Mansuroğlu Mahallesi;4400000
170;4 + 1;5;Karşıyaka, Fikri Altay Mahallesi;7200000
90;2 + 1;4;Gaziemir, Irmak Mahallesi;3050000
180;3 + 1;4;Karşıyaka, Zübeyde Hanım Mahallesi;5550000
120;2 + 1;1;Menderes, Gümüldür İnönü Mahallesi;7000000
100;3 + 1;1;Konak, Mehmet Ali Akman Mahallesi;3250000
85;2 + 1;2;Menderes, Gümüldür Fevzi Çakmak Mahallesi;2500000
85;2 + 1;2;Menderes, Gümüldür Fevzi Çakmak Mahallesi;2500000
80;2 + 1;4;Karabağlar, Sarıyer Mahallesi;2050000
125;3 + 1;8;Narlıdere, Yenikale Mahallesi;6800000
115;3 + 1;1;Balçova, Teleferik Mahallesi;5100000
120;3 + 1;2;Bayraklı, Yamanlar Mahallesi;3000000
240;4 + 1;1;Narlıdere, Huzur Mahallesi;19995000
80;2 + 1;1;Konak, Atilla Mahallesi;2850000
165;3 + 1;3;Konak, Altıntaş Mahallesi;4600000
230;4 + 1;3;Narlıdere, Atatürk Mahallesi;12500000
135;3 + 1;3;Karabağlar, Arap Hasan Mahallesi;3450000
300;4 + 1;1;Dikili, Gazipaşa Mahallesi;7350000
100;2 + 1;5;Karabağlar, Doğanay Mahallesi;1900000
75;2 + 1;1;Karşıyaka, Şemikler Mahallesi;2070000
135;3 + 1;5;Çiğli, Küçük Çiğli Mahallesi;1890000
70;1 + 1;1;Gaziemir, Irmak Mahallesi;2540000
150;3 + 1;2;Ödemiş, Atatürk Mahallesi;2750000
125;2 + 1;3;Karşıyaka, Alaybey Mahallesi;3950000
230;5 + 1;5;Karşıyaka, Şemikler Mahallesi;6500000
175;3 + 1;2;Buca, Akıncılar Mahallesi;3800000
165;3 + 1;4;Bornova, Ergene Mahallesi;5500000
120;3 + 1;2;Çiğli, Atatürk Mahallesi;1750000
185;3 + 1;1;Balçova, Korutürk Mahallesi;6000000
100;2 + 1;1;Seferihisar, Orhanlı Mahallesi;2250000
125;3 + 1;4;Karabağlar, Çalıkuşu Mahallesi;1250000
140;3 + 1;3;Karşıyaka, Örnekköy Mahallesi;7200000
160;3 + 1;5;Menemen, Mermerli Mahallesi;2850000
121;3 + 1;2;Balçova, Teleferik Mahallesi;4500000
150;3 + 1;5;Menderes, Çukuraltı Mahallesi;4875000
60;1 + 1;1;Karabağlar, Fahrettin Altay Mahallesi;1808000
150;3 + 1;1;Buca, Kozağaç Mahallesi;2750000
135;2 + 1;1;Menemen, Cumhuriyet Mahallesi;3140000
90;2 + 1;1;Konak, Kılıç Reis Mahallesi;1850000
;;;;
116;3 + 1;7;Karabağlar, Uzundere Mahallesi;2644500
150;4 + 1;3;Selçuk, 14 Mayıs Mahallesi;3000000
105;3 + 1;2;Karşıyaka, Bahriye Üçok Mahallesi;2950000
115;3 + 1;7;Buca, Buca Koop Mahallesi;2330000
120;4 + 1;5;Bayraklı, Osmangazi Mahallesi;6500000
125;3 + 1;2;Çiğli, Ataşehir Mahallesi;2100000
95;2 + 1;2;Tire, Yeni Mahallesi;1550000
;;;;
60;1 + 0;1;Bayraklı, Soğukkuyu Mahallesi;1500000
110;3 + 1;5;Karşıyaka, Bahariye Mahallesi;1900000
120;3 + 1;1;Karabağlar, Fahrettin Altay Mahallesi;3050000
86;2 + 1;2;Dikili, Salimbey Mahallesi;3750000
85;2 + 1;2;Torbalı, Torbalı Mahallesi;1850000
210;4 + 1;2;Bayraklı, Manavkuyu Mahallesi;6750000
120;3 + 1;4;Menemen, Zeytinlik Mahallesi;2890000
45;1 + 1;4;Bornova, İnönü Mahallesi;1500000
135;3 + 1;5;Menemen, 29 Ekim Mahallesi;3150000
140;3 + 1;3;Balçova, Teleferik Mahallesi;3500000
110;2 + 1;4;Konak, Güneşli Mahallesi;2350000
120;3 + 1;3;Bayraklı, Osmangazi Mahallesi;3200000
130;3 + 1;5;Menderes, Kasımpaşa Mahallesi;2800000
290;7 + 1;4;Bornova, İnönü Mahallesi;10750000
120;3 + 1;2;Torbalı, Cumhuriyet Mahallesi;2979999
110;3 + 1;2;Karabağlar, General Kazım Özalp Mahallesi;3750000
120;2 + 1;1;Karşıyaka, Alaybey Mahallesi;2300000
120;3 + 1;1;Karabağlar, Arap Hasan Mahallesi;2640000
160;4 + 1;4;Bayraklı, Muhittin Erener Mahallesi;3500000
150;3 + 1;1;Çeşme, Musalla Mahallesi;10600000
65;2 + 1;1;Buca, Yaylacık Mahallesi;2200000
130;3 + 1;4;Bayraklı, Bayraklı Mahallesi;3200000
140;2 + 1;5;Çiğli, Sasallı Merkez Mahallesi;7500000
110;3 + 1;3;Karabağlar, Vatan Mahallesi;2000000
130;3 + 1;1;Ödemiş, Türkmen Mahallesi;1600000
;;;;
100;2 + 1;3;Çiğli, Yeni Mahalle Mahallesi;3250000
165;3 + 1;5;Konak, Çankaya Mahallesi;4000000
150;2 + 1;2;Seferihisar, Mersin Alanı Mahallesi;2650000
160;3 + 1;3;Karabağlar, Karabağlar Mahallesi;1950000
220;4 + 1;4;Karşıyaka, Goncalar Mahallesi;11000000
200;3 + 1;5;Çiğli, Ataşehir Mahallesi;5500000
185;3 + 1;1;Bayraklı, Manavkuyu Mahallesi;9250000
150;2 + 1;2;Urla, Kalabak Mahallesi;8500000
170;3 + 1;6;Karabağlar, Ali Fuat Cebesoy Mahallesi;6250000
100;2 + 1;7;Bornova, Ergene Mahallesi;2600000
115;3 + 1;1;Konak, Piri Reis Mahallesi;1950000
140;3 + 1;3;Konak, Göztepe Mahallesi;4150000
130;3 + 1;3;Konak, Murat Reis Mahallesi;2600000
60;1 + 1;2;Menderes, Çukuraltı Mahallesi;2475000
145;3 + 1;5;Konak, Kılıç Reis Mahallesi;3500000
55;1 + 1;3;Bornova, Evka 4 Mahallesi;1700000
130;3 + 1;1;Buca, Yıldız Mahallesi;2750000
125;3 + 1;2;Karşıyaka, Şemikler Mahallesi;4350000
185;3 + 1;3;Bornova, Erzene Mahallesi;13000000
165;3 + 1;2;Çiğli, Aydınlıkevler Mahallesi;6500000
60;1 + 1;1;Menemen, 85 Yıl Cumhuriyet Mahallesi;1750000
100;2 + 1;6;Menemen, İstiklal Mahallesi;3490000
165;3 + 1;5;Seferihisar, Hıdırlık Mahallesi;2825000
90;2 + 1;2;Bornova, Erzene Mahallesi;1950000
85;2 + 1;1;Karşıyaka, Yalı Mahallesi;3650000
97;2 + 1;2;Karabağlar, Çalıkuşu Mahallesi;3450000
110;3 + 1;4;Bornova, Evka 3 Mahallesi;3800000
116;3 + 1;4;Konak, Güneşli Mahallesi;3950000
200;3 + 1;6;Karabağlar, Bahçelievler Mahallesi;16000000
138;3 + 1;3;Gaziemir, Irmak Mahallesi;4100000
105;2 + 1;2;Menderes, Cüneytbey Mahallesi;3600000
160;3 + 1;7;Karabağlar, Esenyalı Mahallesi;6750000
110;3 + 1;1;Karşıyaka, Goncalar Mahallesi;3750000
85;2 + 1;1;Menderes, Gümüldür Fevzi Çakmak Mahallesi;1750000
172;3 + 1;8;Narlıdere, Atatürk Mahallesi;11450000
120;3 + 1;2;Karşıyaka, Şemikler Mahallesi;3820000
90;2 + 1;1;Menderes, Gümüldür Fevzi Çakmak Mahallesi;3250000
120;3 + 1;3;Karabağlar, Bahçelievler Mahallesi;5650000
100;2 + 1;1;Balçova, Eğitim Mahallesi;2500000
160;2 + 1;3;Çiğli, Yeni Mahalle Mahallesi;3000000
230;4 + 1;2;Karşıyaka, Dedebaşı Mahallesi;5500000
110;2 + 1;1;Balçova, Korutürk Mahallesi;6500000
200;3 + 1;7;Karşıyaka, Demirköprü Mahallesi;8000000
117;3 + 1;2;Menemen, Zeytinlik Mahallesi;2750000
145;3 + 1;5;Menemen, İstiklal Mahallesi;2450000
150;3 + 1;12;Menemen, Tülbentli Mahallesi;2900000
80;2 + 1;1;Karabağlar, Kazım Karabekir Mahallesi;2100000
170;4 + 1;3;Buca, Çamlıpınar Mahallesi;4980000
195;4 + 1;5;Ödemiş, Umurbey Mahallesi;2525000
100;2 + 1;1;Dikili, Gazipaşa Mahallesi;2600000
90;2 + 1;1;Karşıyaka, Şemikler Mahallesi;2300000
115;2 + 1;1;Karşıyaka, Yalı Mahallesi;7100000
75;2 + 1;1;Karabağlar, Selvili Mahallesi;1850000
100;2 + 1;7;Torbalı, Cumhuriyet Mahallesi;1350000
250;5 + 1;7;Karşıyaka, Şemikler Mahallesi;8800000
101;3 + 1;3;Ödemiş, Süleyman Demirel Mahallesi;2250000
95;2 + 1;1;Menemen, İsmet İnönü Mahallesi;2375000
115;3 + 1;3;Karşıyaka, Nergiz Mahallesi;4300000
140;3 + 1;1;Bornova, Yeşilova Mahallesi;4000000
125;3 + 1;8;Karabağlar, Vatan Mahallesi;2350000
140;3 + 1;2;Menemen, Atatürk Mahallesi;2350000
100;3 + 1;2;Karabağlar, Yurdoğlu Mahallesi;2450000
105;2 + 1;3;Bergama, Fatih Mahallesi;2300000
138;3 + 1;2;Karşıyaka, Bahçelievler Mahallesi;3500000
85;2 + 1;1;Buca, Kuruçeşme Mahallesi;2600000
67;1 + 1;1;Menemen, Zeytinlik Mahallesi;1790000
120;2 + 1;4;Karabağlar, Kazım Karabekir Mahallesi;1950000
135;3 + 1;1;Narlıdere, Çamtepe Mahallesi;5700000
140;3 + 1;4;Karabağlar, Tahsin Yazıcı Mahallesi;2400000
95;2 + 1;2;Selçuk, Zafer Mahallesi;2950000
120;3 + 1;2;Ödemiş, Anafartalar Mahallesi;1800000
140;3 + 1;3;Bayraklı, Körfez Mahallesi;4500000
140;3 + 1;1;Konak, Murat Reis Mahallesi;3400000
130;3 + 1;3;Çiğli, Esentepe Mahallesi;4250000
160;3 + 1;1;Tire, Fatih Mahallesi;2850000
100;2 + 1;5;Balçova, Eğitim Mahallesi;1685000
100;2 + 1;2;Menemen, 9 Eylül Mahallesi;2350000
120;3 + 1;3;Karabağlar, Fahrettin Altay Mahallesi;3500000
134;3 + 1;2;Menemen, Tülbentli Mahallesi;2950000
58;2 + 1;2;Çeşme, Reisdere Mahallesi;13579712
115;2 + 1;2;Selçuk, Atatürk Mahallesi;2295000
68;2 + 1;4;Buca, Güven Mahallesi;2100000
120;3 + 1;2;Karşıyaka, Bahariye Mahallesi;3000000
160;4 + 1;2;Menemen, 29 Ekim Mahallesi;3950000
95;2 + 1;2;Çiğli, Evka - 6 Mahallesi;1950000
115;3 + 1;5;Karabağlar, Vatan Mahallesi;1950000
120;3 + 1;1;Karşıyaka, Alaybey Mahallesi;1750000
85;2 + 1;2;Karşıyaka, Örnekköy Mahallesi;6150000
90;2 + 1;1;Karşıyaka, Bostanlı Mahallesi;5850000
110;2 + 1;2;Balçova, Onur Mahallesi;2800000
87;2 + 1;5;Torbalı, Torbalı Mahallesi;2500000
160;3 + 1;2;Buca, Çamlık Mahallesi;3550000
135;3 + 1;2;Karabağlar, Devrim Mahallesi;2250000
170;3 + 1;1;Bayraklı, Fuat Edip Baksı Mahallesi;2050000
111;3 + 1;4;Balçova, Fevzi Çakmak Mahallesi;2500000
100;2 + 1;5;Çeşme, Reisdere Mahallesi;4500000
130;3 + 1;8;Konak, Güzelyalı Mahallesi;4950000
120;3 + 1;5;Karşıyaka, Nergiz Mahallesi;1995000
99;2 + 1;1;Konak, Turgut Reis Mahallesi;2900000
110;2 + 1;2;Karabağlar, Basın Sitesi Mahallesi;2500000
120;3 + 1;1;Buca, Efeler Mahallesi;3175000
135;3 + 1;2;Çiğli, Maltepe Mahallesi;3500000
152;3 + 1;3;Bayraklı, Körfez Mahallesi;3500000
80;2 + 1;3;Konak, Kahramanlar Mahallesi;2350000
115;3 + 1;2;Bayraklı, Soğukkuyu Mahallesi;2700000
120;2 + 1;1;Buca, Buca Koop Mahallesi;1860000
135;3 + 1;3;Çiğli, Atatürk Mahallesi;3295000
110;2 + 1;4;Ödemiş, İnönü Mahallesi;2000000
85;2 + 1;2;Balçova, Korutürk Mahallesi;3100000
58;1 + 1;2;Balçova, Çetin Emeç Mahallesi;2250000
85;2 + 1;2;Dikili, Salimbey Mahallesi;2600000
145;3 + 1;3;Bornova, Kazımdirik Mahallesi;2350000
135;3 + 1;2;Çeşme, Boyalık Mahallesi;10500000
120;2 + 1;5;Narlıdere, Ilıca Mahallesi;7950000
180;3 + 1;5;Güzelbahçe, Siteler Mahallesi;8250000
130;3 + 1;4;Karşıyaka, Dedebaşı Mahallesi;3450000
98;2 + 1;6;Karşıyaka, Mustafa Kemal Mahallesi;3650000
150;3 + 1;3;Bayraklı, Soğukkuyu Mahallesi;5500000
160;3 + 1;4;Torbalı, Alpkent Mahallesi;5600000
135;3 + 1;4;Karabağlar, Bahar Mahallesi;2900000
150;3 + 1;5;Buca, Çamlıkule Mahallesi;3850000
135;3 + 1;3;Gaziemir, Yeşil Mahallesi;3250000
125;3 + 1;2;Konak, Akın Simav Mahallesi;4750000
85;2 + 1;1;Menderes, Gümüldür Fevzi Çakmak Mahallesi;1850000
140;3 + 1;2;Gaziemir, Beyazevler Mahallesi;5999000
85;2 + 1;1;Karşıyaka, Yalı Mahallesi;3250000
138;3 + 1;4;Konak, Murat Reis Mahallesi;2950000
120;3 + 1;1;Konak, Çankaya Mahallesi;2745000
140;3 + 1;5;Konak, Güneşli Mahallesi;3500000
95;2 + 1;2;Menderes, Kemalpaşa Mahallesi;3050000
70;1 + 1;1;Menderes, Cüneytbey Mahallesi;1670000
100;2 + 1;1;Çiğli, İzkent Mahallesi;1550000
140;3 + 1;2;Menemen, 30 Ağustos Mahallesi;4500000
95;2 + 1;1;Karabağlar, Basın Sitesi Mahallesi;2550000
84;2 + 1;2;Çiğli, Ataşehir Mahallesi;4950000
;;;;
110;3 + 1;5;Karşıyaka, Bahariye Mahallesi;3500
115;3 + 1;2;Konak, Kılıç Reis Mahallesi;1780000
110;3 + 1;1;Karabağlar, Üçkuyular Mahallesi;3000000
100;2 + 1;2;Bayraklı, Manavkuyu Mahallesi;2500000
70;1 + 1;3;Çiğli, Atatürk Mahallesi;1650000
50;1 + 1;2;Selçuk, 14 Mayıs Mahallesi;2200000
125;3 + 1;3;Balçova, Onur Mahallesi;2425000
55;1 + 1;2;Çiğli, Balatçık Mahallesi;1550000
130;3 + 1;2;Ödemiş, Atatürk Mahallesi;3050000
85;2 + 1;2;Menderes, Cüneytbey Mahallesi;2750000
120;3 + 1;3;Konak, Güzelyalı Mahallesi;3950000
75;2 + 1;2;Karşıyaka, Bostanlı Mahallesi;5380000
105;3 + 1;2;Buca, Karanfil Mahallesi;2100000
125;3 + 1;5;Bayraklı, Mansuroğlu Mahallesi;2650000
100;2 + 1;1;Karşıyaka, Dedebaşı Mahallesi;2850000
120;3 + 1;5;Bornova, İnönü Mahallesi;2600000
95;2 + 1;2;Karşıyaka, Bahariye Mahallesi;2550000
89;2 + 1;2;Çeşme, Reisdere Mahallesi;17771038
85;2 + 1;2;Foça, Mustafa Kemal Atatürk Mahallesi;3100000
90;2 + 1;1;Karşıyaka, Tersane Mahallesi;2400000
100;2 + 1;5;Balçova, Eğitim Mahallesi;1685000
135;3 + 1;5;Karşıyaka, Nergiz Mahallesi;6500000
95;2 + 1;3;Konak, Kılıç Reis Mahallesi;2500000
90;2 + 1;1;Çiğli, Yeni Mahalle Mahallesi;2600000
115;3 + 1;4;Çiğli, Harmandalı Gazi Mustafa Kemal Atatürk Mahallesi;2250000
;;;;
160;3 + 1;4;Karşıyaka, Dedebaşı Mahallesi;6500000
95;2 + 1;6;Torbalı, Cumhuriyet Mahallesi;1100000
118;3 + 1;2;Çiğli, Ahmet Taner Kışlalı Mahallesi;2850000
130;3 + 1;7;Çiğli, Balatçık Mahallesi;3750000
170;3 + 1;2;Konak, Kültür Mahallesi;15000000
80;2 + 1;1;Bergama, Maltepe Mahallesi;2550000
70;2 + 1;1;Ödemiş, Süleyman Demirel Mahallesi;800000
65;1 + 1;3;Karabağlar, Uzundere Mahallesi;2275000
120;3 + 1;2;Menemen, Ahıhıdır Mahallesi;2600000
130;3 + 1;2;Karabağlar, Muammer Akar Mahallesi;3400000
110;3 + 1;2;Konak, Kahramanlar Mahallesi;2800000
120;3 + 1;3;Balçova, Onur Mahallesi;2750000
100;2 + 1;2;Çiğli, Esentepe Mahallesi;3250000
100;2 + 1;1;Konak, Göztepe Mahallesi;2495000
150;3 + 1;3;Torbalı, Torbalı Mahallesi;3000000
60;1 + 1;3;Bornova, Kazımdirik Mahallesi;2900000
130;3 + 1;4;Konak, Güneşli Mahallesi;2400000
135;3 + 1;2;Karabağlar, Bahçelievler Mahallesi;2425000
130;3 + 1;2;Karşıyaka, Zübeyde Hanım Mahallesi;3000000
130;3 + 1;2;Bornova, Atatürk Mahallesi;4000000
110;2 + 1;3;Karabağlar, Yaşar Kemal Mahallesi;1680000
125;3 + 1;2;Konak, Kılıç Reis Mahallesi;2945000
95;2 + 1;1;Çiğli, Atatürk Mahallesi;2495000
105;2 + 1;1;Bayraklı, Osmangazi Mahallesi;2725000
85;2 + 1;3;Konak, Zeytinlik Mahallesi;1350000
130;3 + 1;4;Bornova, Erzene Mahallesi;5250000
128;3 + 1;5;Narlıdere, 2 İnönü Mahallesi;4500000
110;2 + 1;1;Konak, Murat Reis Mahallesi;2000000
120;3 + 1;2;Bornova, Evka 3 Mahallesi;3750000
200;4 + 1;3;Seferihisar, Turabiye Mahallesi;3150000
135;3 + 1;3;Buca, Çamlıkule Mahallesi;3070000
120;3 + 1;4;Menemen, Cumhuriyet Mahallesi;2900000
90;2 + 1;1;Buca, İnönü Mahallesi;2300000
50;1 + 1;1;Karşıyaka, Şemikler Mahallesi;2450000
135;3 + 1;1;Menemen, İsmet İnönü Mahallesi;2650000
130;4 + 1;1;Karşıyaka, Tersane Mahallesi;3450000
100;2 + 1;2;Foça, Atatürk Mahallesi;5000000
135;3 + 1;3;Bayraklı, Mansuroğlu Mahallesi;3000000
100;2 + 1;2;Karaburun, Mordoğan Mahallesi;6250000
65;1 + 1;1;Karaburun, Mordoğan Mahallesi;2500000
175;4 + 1;2;Selçuk, Atatürk Mahallesi;6000000
140;3 + 1;1;Konak, Murat Reis Mahallesi;2425000
100;2 + 1;4;Ödemiş, Mimar Sinan Mahallesi;1850000
140;3 + 1;2;Ödemiş, Süleyman Demirel Mahallesi;2350000
200;3 + 1;5;Menderes, Cüneytbey Mahallesi;4750000
90;2 + 1;1;Bayraklı, Postacılar Mahallesi;2500000
115;3 + 1;1;Çiğli, Maltepe Mahallesi;3140000
100;3 + 1;2;Konak, Çankaya Mahallesi;2600000
170;4 + 1;1;Bornova, Kızılay Mahallesi;7000000
220;3 + 1;2;Narlıdere, Ilıca Mahallesi;11650000
60;1 + 1;4;Karşıyaka, Şemikler Mahallesi;2550000
130;3 + 1;1;Karşıyaka, Bahriye Üçok Mahallesi;9500000
160;3 + 1;1;Çiğli, Ataşehir Mahallesi;6500000
165;3 + 1;4;Karabağlar, Ali Fuat Cebesoy Mahallesi;3500000
125;3 + 1;1;Gaziemir, Atıfbey Mahallesi;3600000
165;3 + 1;1;Narlıdere, Çatalkaya Mahallesi;7250000
155;3 + 1;1;Menderes, Gümüldür Fevzi Çakmak Mahallesi;3250000
55;1 + 1;3;Menderes, Gümüldür Fevzi Çakmak Mahallesi;1750000
75;2 + 1;1;Balçova, Onur Mahallesi;1925000
90;2 + 1;1;Karşıyaka, Şemikler Mahallesi;1950000
160;3 + 1;3;Konak, Atilla Mahallesi;6800000
175;3 + 1;2;Karabağlar, Kazım Karabekir Mahallesi;4350000
135;3 + 1;3;Karşıyaka, Goncalar Mahallesi;3750000
95;2 + 1;3;Torbalı, Muratbey Mahallesi;1850000
100;2 + 1;3;Karşıyaka, Dedebaşı Mahallesi;2900000
;;;;
130;3 + 1;6;Torbalı, Torbalı Mahallesi;1550000
60;1 + 1;3;Çeşme, Reisdere Mahallesi;12977095
120;2 + 1;2;Karabağlar, Kazım Karabekir Mahallesi;3350000
130;3 + 1;5;Tire, 4 Eylül Mahallesi;1950000
140;3 + 1;4;Karşıyaka, Bostanlı Mahallesi;4150000
115;3 + 1;4;Çiğli, Harmandalı Gazi Mustafa Kemal Atatürk Mahallesi;2250000
80;2 + 1;1;Menderes, Çukuraltı Mahallesi;3250000
130;3 + 1;1;Karşıyaka, Şemikler Mahallesi;2150000
87;2 + 1;2;Balçova, Eğitim Mahallesi;4250000
130;3 + 1;2;Konak, Göztepe Mahallesi;3745000
145;3 + 1;5;Buca, Efeler Mahallesi;4000000
235;4 + 1;2;Konak, Kültür Mahallesi;14000000
65;1 + 1;2;Dikili, Bademli Mahallesi;2100000
80;2 + 1;1;Foça, Mustafa Kemal Atatürk Mahallesi;4300000
120;3 + 1;4;Balçova, Çetin Emeç Mahallesi;2750000
125;3 + 1;4;Karşıyaka, Alaybey Mahallesi;2300000
130;3 + 1;1;Karşıyaka, Aksoy Mahallesi;2900000
80;2 + 1;1;Karşıyaka, Latife Hanım Mahallesi;2000000
85;2 + 1;1;Konak, Güzelyalı Mahallesi;1950000
96;2 + 1;2;Çiğli, Evka - 2 Mahallesi;2250000
125;3 + 1;2;Karşıyaka, Bahriye Üçok Mahallesi;5200000
155;3 + 1;1;Menemen, Ahıhıdır Mahallesi;2550000
70;2 + 1;3;Karabağlar, General Kazım Özalp Mahallesi;2450000
130;3 + 1;3;Konak, Kılıç Reis Mahallesi;2950000
135;3 + 1;5;Balçova, Korutürk Mahallesi;3650000
135;3 + 1;4;Buca, Güven Mahallesi;4000000
150;3 + 1;3;Konak, Murat Reis Mahallesi;4250000
110;2 + 1;2;Konak, Mehmet Ali Akman Mahallesi;4400000
86;3 + 1;1;Urla, Çamlıçay Mahallesi;5000000
125;3 + 1;3;Gaziemir, Atıfbey Mahallesi;4600000
185;3 + 1;7;Bayraklı, Gümüşpala Mahallesi;4140000
130;3 + 1;2;Karabağlar, Basın Sitesi Mahallesi;3900000
95;3 + 1;3;Karşıyaka, Alaybey Mahallesi;1800000
135;3 + 1;2;Balçova, Fevzi Çakmak Mahallesi;2800000
95;2 + 1;1;Karabağlar, Poligon Mahallesi;2490000
90;2 + 1;1;Balçova, Teleferik Mahallesi;1900000
135;3 + 1;1;Çiğli, Esentepe Mahallesi;4250000
77;2 + 1;2;Menemen, Kemal Atatürk Mahallesi;1850000
140;3 + 1;5;Konak, Alsancak Mahallesi;2750000
55;1 + 1;2;Selçuk, Zafer Mahallesi;1475000
120;3 + 1;4;Bornova, Evka 3 Mahallesi;3400000
120;3 + 1;2;Konak, Murat Reis Mahallesi;3100000
160;4 + 1;1;Karabağlar, Üçkuyular Mahallesi;3650000
95;2 + 1;4;Karşıyaka, Yalı Mahallesi;4000000
117;2 + 1;3;Çiğli, Ataşehir Mahallesi;7100000
120;2 + 1;3;Konak, Alsancak Mahallesi;2150000
151;3 + 1;2;Dikili, İsmetpaşa Mahallesi;7350000
100;2 + 1;1;Bayraklı, Çay Mahallesi;1900000
135;3 + 1;3;Menemen, İstiklal Mahallesi;3000000
50;1 + 1;6;Karşıyaka, İnönü Mahallesi;2325000
120;3 + 1;3;Karabağlar, Esentepe Mahallesi;5250000
140;3 + 1;2;Torbalı, Cumhuriyet Mahallesi;1950000
115;2 + 1;1;Karabağlar, Üçkuyular Mahallesi;2950000
80;2 + 1;2;Bayraklı, Emek Mahallesi;2250000
125;3 + 1;3;Karabağlar, Bahçelievler Mahallesi;5650000
90;2 + 1;1;Çiğli, Esentepe Mahallesi;3000000
140;3 + 1;5;Aliağa, Kazım Dirik Mahallesi;2100000
90;2 + 1;2;Karabağlar, Basın Sitesi Mahallesi;1850000
115;3 + 1;2;Buca, Buca Koop Mahallesi;2260000
156;2 + 1;6;Çiğli, Ataşehir Mahallesi;7200000
95;2 + 1;4;Karşıyaka, Dedebaşı Mahallesi;2950000
90;2 + 1;3;Karşıyaka, Bahriye Üçok Mahallesi;5195000
95;2 + 1;3;Konak, Altıntaş Mahallesi;3350000
120;3 + 1;2;Menemen, 29 Ekim Mahallesi;2600000
100;2 + 1;1;Karabağlar, Adnan Süvari Mahallesi;2075000
165;3 + 1;4;Karşıyaka, Yalı Mahallesi;8350000
65;2 + 1;1;Urla, İskele Mahallesi;6200000
100;2 + 1;2;Menemen, 30 Ağustos Mahallesi;2930000
160;3 + 1;3;Karşıyaka, Bostanlı Mahallesi;6350000
110;3 + 1;1;Urla, Atatürk Mahallesi;5700000
145;3 + 1;7;Karşıyaka, Dedebaşı Mahallesi;4000000
154;3 + 1;16;Karşıyaka, Mavişehir Mahallesi;6200000
130;3 + 1;2;Balçova, Fevzi Çakmak Mahallesi;4500000
110;2 + 1;2;Karşıyaka, Şemikler Mahallesi;2350000
110;2 + 1;2;Bergama, Atatürk Mahallesi;1650000
80;2 + 1;1;Buca, İnkılap Mahallesi;2500000
100;2 + 1;4;Buca, Çamlık Mahallesi;3000000
150;3 + 1;3;Menemen, Gazi Mahallesi;2849999
110;2 + 1;2;Seferihisar, Camikebir Mahallesi;2150000
100;2 + 1;2;Gaziemir, Gazi Mahallesi;3980000
165;3 + 1;2;Menemen, İstiklal Mahallesi;4800000
233;3 + 1;6;Karabağlar, Poligon Mahallesi;15800000
80;2 + 1;3;Karabağlar, Yunus Emre Mahallesi;1890000
75;2 + 1;5;Buca, Hürriyet Mahallesi;1550000
150;3 + 1;1;Menemen, Uğur Mumcu Mahallesi;3000000
135;3 + 1;2;Karşıyaka, Fikri Altay Mahallesi;4550000
;;;;
90;2 + 1;1;Çeşme, Musalla Mahallesi;8000000
200;4 + 2;3;Çeşme, Ovacık Mahallesi;5250000
95;2 + 1;1;Selçuk, 14 Mayıs Mahallesi;2850000
77;1 + 1;4;Bornova, Kazımdirik Mahallesi;3300000
145;3 + 1;6;Karşıyaka, Yalı Mahallesi;7500000
80;2 + 1;1;Menderes, Çukuraltı Mahallesi;4350000
130;3 + 1;4;Menderes, Barbaros Mahallesi;3825000
188;3 + 1;3;Balçova, Korutürk Mahallesi;9500000
135;3 + 1;1;Seferihisar, Camikebir Mahallesi;2000000
130;2 + 1;2;Ödemiş, Atatürk Mahallesi;1500000
100;2 + 1;2;Menemen, Gazi Mahallesi;1595000
125;2 + 1;9;Karşıyaka, Mavişehir Mahallesi;7750000
98;2 + 1;2;Karşıyaka, İmbatlı Mahallesi;2600000
70;2 + 1;1;Dikili, Çandarlı Mahallesi;2850000
98;2 + 1;3;Çiğli, Atatürk Mahallesi;2500000
70;1 + 1;1;Menderes, Çukuraltı Mahallesi;2298000
135;2 + 1;5;Konak, Güneşli Mahallesi;2800000
140;3 + 1;5;Konak, Piri Reis Mahallesi;3500000
110;3 + 1;1;Konak, Akın Simav Mahallesi;2200000
120;3 + 1;2;Bayraklı, Tepekule Mahallesi;2350000
80;2 + 1;1;Konak, Kahramanlar Mahallesi;2050000
135;3 + 1;1;Menemen, İstiklal Mahallesi;3000000
80;2 + 1;3;Güzelbahçe, Yalı Mahallesi;6000000
55;2 + 0;1;Buca, Adatepe Mahallesi;1500000
96;2 + 1;2;Karşıyaka, Dedebaşı Mahallesi;4000000
100;2 + 1;4;Karabağlar, Refet Bele Mahallesi;1990000
140;3 + 1;2;Gaziemir, Zafer Mahallesi;3100000
115;3 + 1;1;Gaziemir, Irmak Mahallesi;3300000
100;2 + 1;4;Balçova, Onur Mahallesi;4250000
120;3 + 1;2;Konak, Mithatpaşa Mahallesi;2450000
150;3 + 1;4;Selçuk, 14 Mayıs Mahallesi;3500000
135;3 + 1;1;Karşıyaka, Bahriye Üçok Mahallesi;3550000
128;3 + 1;2;Konak, Akın Simav Mahallesi;1900000
135;3 + 1;1;Konak, Murat Reis Mahallesi;2745000
140;3 + 1;1;Gaziemir, Zafer Mahallesi;2650000
80;2 + 1;2;Karşıyaka, Şemikler Mahallesi;2300000
165;2 + 1;1;Balçova, Fevzi Çakmak Mahallesi;2500000
75;2 + 1;3;Bayraklı, R Şevket İnce Mahallesi;1850000
145;3 + 1;4;Balçova, Fevzi Çakmak Mahallesi;2350000
130;3 + 1;1;Karabağlar, Muammer Akar Mahallesi;4450000
117;3 + 1;1;Selçuk, Zafer Mahallesi;3000000
80;2 + 1;5;Bayraklı, Emek Mahallesi;2200000
90;2 + 1;1;Karabağlar, General Kazım Özalp Mahallesi;2480000
150;3 + 1;3;Menemen, Cumhuriyet Mahallesi;3725000
87;2 + 1;4;Buca, Adatepe Mahallesi;2900000
140;3 + 1;7;Karabağlar, Arap Hasan Mahallesi;5500000
80;2 + 1;1;Karşıyaka, Yalı Mahallesi;2500000
125;2 + 1;1;Menderes, Oğlananası Atatürk Mahallesi;4800000
190;3 + 1;8;Bornova, Evka 3 Mahallesi;6500000
125;2 + 1;5;Buca, Fırat Mahallesi;1800000
95;2 + 1;3;Balçova, Teleferik Mahallesi;2350000
100;2 + 1;5;Karşıyaka, Bahçelievler Mahallesi;3400000
95;2 + 1;1;Çiğli, Esentepe Mahallesi;2650000
105;2 + 1;2;Karşıyaka, Bahriye Üçok Mahallesi;6500000
95;2 + 1;1;Karşıyaka, Örnekköy Mahallesi;3500000
95;2 + 1;2;Karşıyaka, Şemikler Mahallesi;3250000
135;3 + 1;1;Güzelbahçe, Yelki Mahallesi;6250000
95;3 + 1;3;Konak, Altıntaş Mahallesi;2000000
125;2 + 1;1;Ödemiş, Zafer Mahallesi;2250000
125;3 + 1;1;Karabağlar, General Kazım Özalp Mahallesi;3450000
140;3 + 1;2;Ödemiş, Mimar Sinan Mahallesi;2500000
105;3 + 1;2;Balçova, Korutürk Mahallesi;5800000
125;3 + 1;6;Konak, Güzelyalı Mahallesi;3900000
130;3 + 1;1;Balçova, Onur Mahallesi;3250000
160;3 + 1;2;Buca, Fırat Mahallesi;3400000
95;2 + 1;3;Karşıyaka, Şemikler Mahallesi;3400000
90;2 + 1;12;Konak, Çınarlı Mahallesi;6750000
90;2 + 1;1;Karşıyaka, Dedebaşı Mahallesi;3100000
127;2 + 1;2;Bornova, Kazımdirik Mahallesi;6850000
110;2 + 1;1;Gaziemir, Gazi Mahallesi;8500000
120;3 + 1;4;Bornova, Kazımdirik Mahallesi;3350000
118;3 + 1;1;Karabağlar, Ali Fuat Cebesoy Mahallesi;3750000
250;4 + 1;1;Karşıyaka, Bahriye Üçok Mahallesi;11800000
110;3 + 1;1;Karşıyaka, Dedebaşı Mahallesi;3400000
65;1 + 1;1;Narlıdere, Atatürk Mahallesi;3950000
130;3 + 1;1;Karşıyaka, Bostanlı Mahallesi;8250000
100;2 + 1;3;Konak, Mithatpaşa Mahallesi;2750000
105;2 + 1;1;Karşıyaka, Şemikler Mahallesi;2750000
145;3 + 1;4;Menderes, Gümüldür Fevzi Çakmak Mahallesi;2600000
110;3 + 1;1;Konak, Altıntaş Mahallesi;1500000
272;3 + 1;5;Karşıyaka, Tuna Mahallesi;4500000
69;2 + 1;2;Buca, Hürriyet Mahallesi;2340000
140;3 + 1;3;Konak, Güzelyalı Mahallesi;4500000
95;2 + 1;1;Menderes, Gümüldür Fevzi Çakmak Mahallesi;2500000
95;2 + 1;1;Balçova, Eğitim Mahallesi;3275000
165;3 + 1;2;Narlıdere, Narlı Mahallesi;7250000
100;2 + 1;2;Buca, Çamlık Mahallesi;3500000
80;2 + 1;5;Bayraklı, Cengizhan Mahallesi;2550000
130;3 + 1;3;Konak, Mehmet Ali Akman Mahallesi;3685000
100;3 + 1;2;Karabağlar, Arap Hasan Mahallesi;2200000
150;3 + 1;5;Menemen, Ahıhıdır Mahallesi;2150000
60;1 + 1;1;Menderes, Çukuraltı Mahallesi;1950000
130;3 + 1;2;Karabağlar, Bahçelievler Mahallesi;3950000
125;3 + 1;4;Karşıyaka, Tuna Mahallesi;3000000
90;2 + 1;2;Bornova, Egemenlik Mahallesi;2425000
130;3 + 1;4;Karşıyaka, Bahçelievler Mahallesi;3000000
135;3 + 1;1;Menemen, Uğur Mumcu Mahallesi;2700000
160;3 + 1;4;Çiğli, Evka-5 Mahallesi;1950000
120;3 + 1;1;Karşıyaka, Bostanlı Mahallesi;2650000
95;1 + 1;6;Karabağlar, Muammer Akar Mahallesi;4350000
140;3 + 1;5;Ödemiş, Atatürk Mahallesi;3750000
90;2 + 1;2;Foça, Atatürk Mahallesi;3950000
115;3 + 1;4;Karabağlar, Basın Sitesi Mahallesi;3250000
90;2 + 1;1;Konak, Güzelyalı Mahallesi;2800000
165;3 + 1;2;Torbalı, Muratbey Mahallesi;3000000
50;1 + 1;1;Çeşme, Musalla Mahallesi;3500000
130;3 + 1;5;Karşıyaka, Dedebaşı Mahallesi;3850000
55;1 + 1;1;Dikili, Bademli Mahallesi;1350000
110;3 + 1;2;Gaziemir, Beyazevler Mahallesi;3900000
140;3 + 1;8;Çiğli, Yakakent Mahallesi;2600000
135;3 + 1;4;Selçuk, Zafer Mahallesi;3200000
135;3 + 1;1;Kemalpaşa, Mehmet Akif Ersoy Mahallesi;2650000
145;3 + 1;5;Karşıyaka, Şemikler Mahallesi;2675000
55;2 + 1;2;Bayraklı, Osmangazi Mahallesi;2100000
130;3 + 1;7;Karabağlar, Arap Hasan Mahallesi;3970000
90;2 + 1;1;Tire, Cumhuriyet Mahallesi;2500000
148;3 + 1;4;Karşıyaka, Tersane Mahallesi;3200000
90;2 + 1;8;Çiğli, Evka-5 Mahallesi;2525000
88;2 + 1;3;Balçova, Onur Mahallesi;2800000
90;2 + 1;1;Gaziemir, Yeşil Mahallesi;2750000
130;3 + 1;1;Karabağlar, Basın Sitesi Mahallesi;2750000
50;1 + 1;2;Buca, Fırat Mahallesi;2750000
110;3 + 1;8;Konak, Güneşli Mahallesi;2900000
85;2 + 1;1;Karşıyaka, Yalı Mahallesi;2300000
120;3 + 1;6;Konak, Mimar Sinan Mahallesi;5000000
130;3 + 1;3;Bornova, Erzene Mahallesi;2235000
100;2 + 1;2;Konak, Murat Reis Mahallesi;2550000
170;4 + 1;1;Konak, Mehmet Ali Akman Mahallesi;3500000
130;3 + 1;1;Gaziemir, Gazi Mahallesi;3449000
110;3 + 1;2;Ödemiş, Umurbey Mahallesi;1800000
140;3 + 1;7;Bornova, Doğanlar Mahallesi;3250000
110;2 + 1;2;Konak, Güzelyalı Mahallesi;2300000
75;2 + 1;1;Karabağlar, Esenyalı Mahallesi;1350000
110;2 + 1;1;Karabağlar, Basın Sitesi Mahallesi;3300000
60;1 + 1;2;Aliağa, Yeni Mahallesi;1800000
87;2 + 1;1;Torbalı, Pancar Mahallesi;1840000
140;3 + 1;1;Balçova, Çetin Emeç Mahallesi;3500000
90;2 + 1;4;Karşıyaka, Demirköprü Mahallesi;3550000
145;3 + 1;2;Balçova, Eğitim Mahallesi;2500000
145;3 + 1;3;Kemalpaşa, Sekiz Eylül Mahallesi;2550000
140;3 + 1;6;Konak, Atilla Mahallesi;3100000
145;3 + 1;1;Balçova, Eğitim Mahallesi;4650000
125;3 + 1;7;Karabağlar, Bahçelievler Mahallesi;2600000
110;2 + 1;2;Seferihisar, Bengiler Mahallesi;3150000
200;4 + 1;2;Çiğli, Yeni Mahalle Mahallesi;4750000
150;3 + 1;1;Seferihisar, Payamlı Mahallesi;4000000
138;3 + 1;2;Karabağlar, General Kazım Özalp Mahallesi;6500000
140;3 + 1;6;Menemen, Cumhuriyet Mahallesi;3500000
85;2 + 1;1;Menderes, Gümüldür Fevzi Çakmak Mahallesi;2500000
175;3 + 1;2;Torbalı, Ertuğrul Mahallesi;3100000
100;2 + 1;5;Çeşme, Musalla Mahallesi;4500000
100;2 + 1;3;Karşıyaka, Bahriye Üçok Mahallesi;2950000
135;3 + 1;5;Çeşme, Musalla Mahallesi;7750000
135;3 + 1;2;Karşıyaka, Bostanlı Mahallesi;5350000
100;2 + 1;4;Karabağlar, Kazım Karabekir Mahallesi;1900000
136;3 + 1;1;Gaziemir, Gazi Mahallesi;4100000
100;2 + 1;4;Karabağlar, Basın Sitesi Mahallesi;3000000
120;3 + 1;1;Çiğli, Küçük Çiğli Mahallesi;2250000
55;1 + 1;14;Konak, Çınarlı Mahallesi;4500000
165;4 + 1;4;Balçova, Teleferik Mahallesi;4500000
85;2 + 1;3;Foça, Kazım Dirik Mahallesi;2200000
106;3 + 1;1;Bayraklı, Manavkuyu Mahallesi;3200000
155;3 + 1;2;Karşıyaka, Mavişehir Mahallesi;6250000
156;3 + 1;7;Karşıyaka, Mustafa Kemal Mahallesi;6750000
180;3 + 1;5;Karşıyaka, Demirköprü Mahallesi;6750000
85;2 + 1;1;Karabağlar, Gülyaka Mahallesi;1540000
175;3 + 1;2;Narlıdere, Narlı Mahallesi;7500000
130;3 + 1;2;Karşıyaka, Bostanlı Mahallesi;4900000
145;3 + 1;1;Buca, Yaylacık Mahallesi;3000000
150;4 + 1;1;Karşıyaka, Yalı Mahallesi;4350000
110;2 + 1;3;Menderes, Gümüldür Fevzi Çakmak Mahallesi;2850000
120;2 + 1;5;Menemen, 30 Ağustos Mahallesi;4150000
125;3 + 1;2;Balçova, Eğitim Mahallesi;2700000
;;;;
130;3 + 1;4;Ödemiş, Atatürk Mahallesi;3050000
115;2 + 1;1;Karabağlar, Doğanay Mahallesi;2900000
130;3 + 1;5;Çiğli, Balatçık Mahallesi;3750000
160;3 + 1;2;Karşıyaka, Şemikler Mahallesi;4500000
140;3 + 1;2;Karşıyaka, Örnekköy Mahallesi;3200000
120;3 + 1;2;Foça, Cumhuriyet Mahallesi;3500000
70;1 + 1;1;Menderes, Gümüldür Fevzi Çakmak Mahallesi;1775000
70;2 + 1;3;Bayraklı, Çiçek Mahallesi;2200000
100;2 + 1;5;Karşıyaka, Örnekköy Mahallesi;2950000
80;2 + 1;1;Urla, Altıntaş Mahallesi;4000000
110;2 + 1;1;Bergama, Zafer Mahallesi;1550000
120;3 + 1;2;Buca, İnkılap Mahallesi;3150000
110;2 + 1;2;Balçova, Onur Mahallesi;2800000
130;3 + 1;3;Karşıyaka, Bostanlı Mahallesi;4250000
95;2 + 1;2;Konak, Murat Reis Mahallesi;2500000
80;1 + 1;3;Konak, Atilla Mahallesi;1700000
90;2 + 1;3;Buca, Akıncılar Mahallesi;2250000
135;3 + 1;2;Bergama, Fatih Mahallesi;3350000
105;2 + 1;1;Bayraklı, Osmangazi Mahallesi;2350000
145;3 + 1;8;Konak, Altıntaş Mahallesi;3850000
180;3 + 1;6;Konak, Mimar Sinan Mahallesi;9000000
76;2 + 1;2;Karşıyaka, Örnekköy Mahallesi;2750000
65;1 + 1;1;Gaziemir, Irmak Mahallesi;2540000
140;3 + 1;3;Bornova, Erzene Mahallesi;3575000
135;3 + 1;1;Karabağlar, Bahçelievler Mahallesi;3200000
130;3 + 1;2;Menemen, Mermerli Mahallesi;3500000
;;;;
90;2 + 1;2;Dikili, Salihler Mahallesi;2290000
110;2 + 1;4;Menemen, Mermerli Mahallesi;1750000
;;;;
125;3 + 1;1;Karabağlar, General Kazım Özalp Mahallesi;3450000
110;2 + 1;1;Ödemiş, Kuvvetli Mahallesi;2770000
150;3 + 1;7;Çiğli, Atatürk Mahallesi;2100000
135;3 + 1;2;Gaziemir, Fatih Mahallesi;3500000
110;31 + 1;5;Konak, Güzelyalı Mahallesi;3540000
88;2 + 1;4;Menderes, Cüneytbey Mahallesi;2650000
100;2 + 1;4;Karşıyaka, Cumhuriyet Mahallesi;2750000
145;3 + 1;3;Karşıyaka, Örnekköy Mahallesi;3100000
150;3 + 1;7;Bornova, Kazımdirik Mahallesi;3200000
165;3 + 1;6;Karabağlar, Arap Hasan Mahallesi;6750000
50;1 + 1;1;Konak, Altıntaş Mahallesi;2075000
75;2 + 1;1;Dikili, Gazipaşa Mahallesi;2650000
80;2 + 1;2;Gaziemir, Beyazevler Mahallesi;3250000
90;2 + 1;4;Karşıyaka, Tersane Mahallesi;3500000
55;2 + 1;1;Dikili, Gazipaşa Mahallesi;2750000
140;3 + 1;2;Ödemiş, Üç Eylül Mahallesi;1925000
110;2 + 1;6;Bornova, Erzene Mahallesi;2850000
85;2 + 1;1;Buca, Efeler Mahallesi;2800000
160;3 + 1;5;Konak, Güneşli Mahallesi;3500000
130;3 + 1;3;Konak, Piri Reis Mahallesi;4950000
120;3 + 1;5;Menderes, Gümüldür İnönü Mahallesi;8750000
150;3 + 1;5;Karşıyaka, Örnekköy Mahallesi;4500000
180;3 + 1;7;Karşıyaka, Mavişehir Mahallesi;12000000
120;3 + 1;2;Buca, Yiğitler Mahallesi;4500000
170;3 + 1;4;Karşıyaka, Mavişehir Mahallesi;10500000
160;3 + 1;5;Çiğli, Yeni Mahalle Mahallesi;5250000
120;3 + 1;2;Ödemiş, Mimar Sinan Mahallesi;2750000
155;3 + 1;2;Çiğli, Yakakent Mahallesi;4800000
70;2 + 1;2;Buca, Kuruçeşme Mahallesi;1850000
135;3 + 1;1;Buca, Fırat Mahallesi;2175000
125;3 + 1;3;Karabağlar, Üçkuyular Mahallesi;3250000
85;2 + 1;1;Buca, Çamlık Mahallesi;2250000
100;2 + 1;2;Konak, Kılıç Reis Mahallesi;1750000
70;2 + 1;3;Torbalı, Tepeköy Mahallesi;1870000
85;2 + 1;2;Karşıyaka, Şemikler Mahallesi;4750000
130;2 + 1;3;Karabağlar, Uğur Mumcu Mahallesi;3500000
125;3 + 1;5;Karabağlar, Adnan Süvari Mahallesi;5700000
85;2 + 1;2;Karşıyaka, Örnekköy Mahallesi;2250000
75;2 + 1;1;Foça, Mustafa Kemal Atatürk Mahallesi;3850000
100;2 + 1;3;Ödemiş, Mimar Sinan Mahallesi;1850000
130;2 + 1;1;Ödemiş, Atatürk Mahallesi;2250000
83;2 + 1;2;Seferihisar, Camikebir Mahallesi;3150000
60;1 + 1;2;Torbalı, Torbalı Mahallesi;1850000
55;1 + 1;3;Balçova, Eğitim Mahallesi;2780000
115;2 + 1;1;Konak, Atilla Mahallesi;2300000
100;2 + 1;2;Bayraklı, Emek Mahallesi;1950000
130;3 + 1;5;Torbalı, Torbalı Mahallesi;3300000
110;2 + 1;2;Karşıyaka, Alaybey Mahallesi;2150000
138;3 + 1;5;Karşıyaka, Bahçelievler Mahallesi;3950000
135;3 + 1;4;Buca, Hürriyet Mahallesi;1850000
125;3 + 1;2;Balçova, Eğitim Mahallesi;4150000
100;3 + 1;2;Karşıyaka, Aksoy Mahallesi;8635000
130;3 + 1;5;Bornova, Erzene Mahallesi;3450000
75;2 + 1;1;Buca, Hürriyet Mahallesi;2250000
152;3 + 1;14;Karşıyaka, Mavişehir Mahallesi;5900000
194;3 + 1;4;Ödemiş, Süleyman Demirel Mahallesi;4800000
135;3 + 1;5;Karşıyaka, Bahçelievler Mahallesi;3500000
100;2 + 1;2;Menemen, İstiklal Mahallesi;2950000
130;3 + 1;2;Karabağlar, Doğanay Mahallesi;2250000
165;5 + 1;1;Seferihisar, Mersin Alanı Mahallesi;5700000
130;3 + 1;2;Karşıyaka, Bostanlı Mahallesi;4900000
110;3 + 1;3;Karşıyaka, Şemikler Mahallesi;3950000
90;2 + 1;2;Çeşme, Reisdere Mahallesi;6000000
65;1 + 1;1;Menderes, Çukuraltı Mahallesi;3500000
90;2 + 1;1;Selçuk, 14 Mayıs Mahallesi;2550000
140;3 + 1;2;Torbalı, Bahçelievler Mahallesi;1850000
75;2 + 1;1;Buca, Hürriyet Mahallesi;2250000
78;2 + 1;2;Menderes, Gümüldür Fevzi Çakmak Mahallesi;2250000
135;3 + 1;4;Balçova, Fevzi Çakmak Mahallesi;2750000
60;1 + 1;3;Buca, Kozağaç Mahallesi;2050000
130;3 + 1;6;Karabağlar, Muammer Akar Mahallesi;3250000
55;1 + 1;2;Karşıyaka, Şemikler Mahallesi;2250000
77;2 + 1;5;Bornova, Evka 4 Mahallesi;2300000
95;2 + 1;1;Dikili, Salimbey Mahallesi;2250000
90;2 + 1;2;Karabağlar, Selvili Mahallesi;2350000
85;2 + 1;3;Karşıyaka, Bahariye Mahallesi;1890000
120;3 + 1;1;Konak, Güzelyalı Mahallesi;2800000
115;3 + 1;2;Buca, Yıldız Mahallesi;2800000
110;3 + 1;3;Konak, Kahramanlar Mahallesi;2600000
100;2 + 1;4;Konak, Kahramanlar Mahallesi;2700000
